ID;RELEASE;URL;DOWNLOAD LINK;COMPONENT;DESCRIPTION;MD5;S3 PATH;LAST UPDATED;SAP RELEASE DATE;COMMENT
NW750_SAPCAR;NW750;https://me.sap.com/softwarecenter/object/0020000000098642022;https://softwaredownloads.sap.com/file/0020000000098642022;SAPCAR;SAPCAR_1115-70006178.EXE;765412436934362cc5497e3d659fbb78be91093a091c11ec4fbe84dfb415a0e5;s3://launchwizard-<AccountID>/<SAP_PRODUCT_ID>/SAPCAR;24.08.23;27.01.22;SAPCAR LATEST
NW750_SWPM;NW750;https://me.sap.com/softwarecenter/object/0020000001168142023;https://softwaredownloads.sap.com/file/0020000001168142023;SWPM;SWPM10SP38_5-20009701.SAR;d6852bbc281770a40679ac527dd993a374ddc51f7ca222100ce280235772ac77;s3://launchwizard-<AccountID>/<SAP_PRODUCT_ID>/SWPM;29.09.23;28.09.23;SWPM 1 LATEST
NW750_HANADB;NW750;https://me.sap.com/softwarecenter/object/0030000001256192023;https://softwaredownloads.sap.com/file/0030000001256192023;HANADB;51057281.ZIP - SAP HANA Platform Edt. 2.0 SPS07 rev73 Linux x86_64;613f8819d54d30338a587b486985cdf160a8969e84a445e8cacdfa3540025371;s3://launchwizard-<AccountID>/<SAP_PRODUCT_ID>/HANADB;23.10.23;17.10.23;HANA LATEST
NW750_HANACLIENT;NW750;https://me.sap.com/softwarecenter/object/0020000000516362023;https://softwaredownloads.sap.com/file/0020000000516362023;HANACLIENT;IMDB_CLIENT20_016_26-80002082.SAR - SAP HANA CLient 2.16;d238143b22ab5976221ab7d89b097690dd7af9fc75445c1f78eeb7196c569ca4;s3://launchwizard-<AccountID>/<SAP_PRODUCT_ID>/HANADBCLIENT;24.08.23;28.04.23;HANA CLIENT LATEST
NW750_EXPORT_PART1;NW750;https://me.sap.com/softwarecenter/object/0030000000635092016;https://softwaredownloads.sap.com/file/0030000000635092016;EXPORT_PART1;51050829_3.ZIP;06c3a3cd5d1ad266f61ca202552468501d94cfdc7641ffdadf0a9abad82b648a;s3://launchwizard-<AccountID>/<SAP_PRODUCT_ID>/EXPORT;24.08.23;;
NW750_KERNEL_IGSEXE;NW750;https://me.sap.com/softwarecenter/object/0020000000632862023;https://softwaredownloads.sap.com/file/0020000000632862023;KERNEL_IGSEXE;igsexe_15-80003187.sar;b0ecfa41d86c7c56a3e1843554cddb303680dd6be4efab8fbc0cde39e5bfbf34;s3://launchwizard-<AccountID>/<SAP_PRODUCT_ID>/KERNEL;24.08.23;26.05.23;SAP-Kernel 753 PL 1200 -> IGS 753 PL 15
NW750_KERNEL_IGSHELPER;NW750;https://me.sap.com/softwarecenter/object/0020000000703122018;https://softwaredownloads.sap.com/file/0020000000703122018;KERNEL_IGSHELPER;igshelper_17-10010245.sar - SAP IGS Fonts and Textures;bc405afc4f8221aa1a10a8bc448f8afd9e4e00111100c5544097240c57c99732;s3://launchwizard-<AccountID>/<SAP_PRODUCT_ID>/KERNEL;24.08.23;12.04.18;IGSHELPER LATEST
NW750_KERNEL_SAPEXE;NW750;https://me.sap.com/softwarecenter/object/0020000000607512023;https://softwaredownloads.sap.com/file/0020000000607512023;KERNEL_SAPEXE;SAPEXE_1200-80002573.SAR;87d852b0a5de8cdb6cf325c07553d7d4b83974d27c5c3f4c2c90e39bda4185e5;s3://launchwizard-<AccountID>/<SAP_PRODUCT_ID>/KERNEL;24.08.23;22.05.23;SAP-Kernel 753 PL 1200 -> IGS 753 PL 15
NW750_KERNEL_SAPEXEDB;NW750;https://me.sap.com/softwarecenter/object/0020000000608612023;https://softwaredownloads.sap.com/file/0020000000608612023;KERNEL_SAPEXEDB;SAPEXEDB_1200-80002572.SAR;c4a77615786d5970278a7cc6101ac857e0a67a790f9ae07094e378e91abcbc30;s3://launchwizard-<AccountID>/<SAP_PRODUCT_ID>/KERNEL;24.08.23;22.05.23;SAP-Kernel 753 PL 1200 -> IGS 753 PL 15
NW750_KERNEL_SAPHOSTAGENT;NW750;https://me.sap.com/softwarecenter/object/0020000000867792023;https://softwaredownloads.sap.com/file/0020000000867792023;KERNEL_SAPHOSTAGENT;SAPHOSTAGENT61_61-80004822.SAR - SAP HOST AGENT 7.22 SP61;280c13ca76d3b2fb1aba5cccdff9b9e3ae7988f6ca5f2553563fd2360dc8f688;s3://launchwizard-<AccountID>/<SAP_PRODUCT_ID>/KERNEL;24.08.23;19.07.23;SAPHOSTAGENT LATEST
NW752_SAPCAR;NW752;https://me.sap.com/softwarecenter/object/0020000000098642022;https://softwaredownloads.sap.com/file/0020000000098642022;SAPCAR;SAPCAR_1115-70006178.EXE;765412436934362cc5497e3d659fbb78be91093a091c11ec4fbe84dfb415a0e5;s3://launchwizard-<AccountID>/<SAP_PRODUCT_ID>/SAPCAR;24.08.23;27.01.22;SAPCAR LATEST
NW752_SWPM;NW752;https://me.sap.com/softwarecenter/object/0020000001168142023;https://softwaredownloads.sap.com/file/0020000001168142023;SWPM;SWPM10SP38_5-20009701.SAR;d6852bbc281770a40679ac527dd993a374ddc51f7ca222100ce280235772ac77;s3://launchwizard-<AccountID>/<SAP_PRODUCT_ID>/SWPM;29.09.23;28.09.23;SWPM 1 LATEST
NW752_HANADB;NW752;https://me.sap.com/softwarecenter/object/0030000001256192023;https://softwaredownloads.sap.com/file/0030000001256192023;HANADB;51057281.ZIP - SAP HANA Platform Edt. 2.0 SPS07 rev73 Linux x86_64;613f8819d54d30338a587b486985cdf160a8969e84a445e8cacdfa3540025371;s3://launchwizard-<AccountID>/<SAP_PRODUCT_ID>/HANADB;23.10.23;17.10.23;HANA LATEST
NW752_HANACLIENT;NW752;https://me.sap.com/softwarecenter/object/0020000000516362023;https://softwaredownloads.sap.com/file/0020000000516362023;HANACLIENT;IMDB_CLIENT20_016_26-80002082.SAR - SAP HANA CLient 2.16;d238143b22ab5976221ab7d89b097690dd7af9fc75445c1f78eeb7196c569ca4;s3://launchwizard-<AccountID>/<SAP_PRODUCT_ID>/HANADBCLIENT;24.08.23;28.04.23;HANA CLIENT LATEST
NW752_EXPORT_PART1;NW752;https://me.sap.com/softwarecenter/object/0030000019659142017;https://softwaredownloads.sap.com/file/0030000019659142017;EXPORT_PART1;S4CORE107_INST_EXPORT_1.exe;399228ad1ede56ea97a4676e5cfd9ff2ebccded55b8128718029188bc704682e;s3://launchwizard-<AccountID>/<SAP_PRODUCT_ID>/EXPORT;24.08.23;;
NW752_EXPORT_PART2;NW752;https://me.sap.com/softwarecenter/object/0030000019659152017;https://softwaredownloads.sap.com/file/0030000019659152017;EXPORT_PART2;S4CORE107_INST_EXPORT_2.rar;d968835cadfea8514a552ec977421043649bbb59140629a9dd897a7f0c47480b;s3://launchwizard-<AccountID>/<SAP_PRODUCT_ID>/EXPORT;24.08.23;;
NW752_KERNEL_IGSEXE;NW752;https://me.sap.com/softwarecenter/object/0020000000632862023;https://softwaredownloads.sap.com/file/0020000000632862023;KERNEL_IGSEXE;igsexe_15-80003187.sar;b0ecfa41d86c7c56a3e1843554cddb303680dd6be4efab8fbc0cde39e5bfbf34;s3://launchwizard-<AccountID>/<SAP_PRODUCT_ID>/KERNEL;24.08.23;26.05.23;SAP-Kernel 753 PL 1200 -> IGS 753 PL 15
NW752_KERNEL_IGSHELPER;NW752;https://me.sap.com/softwarecenter/object/0020000000703122018;https://softwaredownloads.sap.com/file/0020000000703122018;KERNEL_IGSHELPER;igshelper_17-10010245.sar - SAP IGS Fonts and Textures;bc405afc4f8221aa1a10a8bc448f8afd9e4e00111100c5544097240c57c99732;s3://launchwizard-<AccountID>/<SAP_PRODUCT_ID>/KERNEL;24.08.23;12.04.18;IGSHELPER LATEST
NW752_KERNEL_SAPEXE;NW752;https://me.sap.com/softwarecenter/object/0020000000607512023;https://softwaredownloads.sap.com/file/0020000000607512023;KERNEL_SAPEXE;SAPEXE_1200-80002573.SAR;87d852b0a5de8cdb6cf325c07553d7d4b83974d27c5c3f4c2c90e39bda4185e5;s3://launchwizard-<AccountID>/<SAP_PRODUCT_ID>/KERNEL;24.08.23;22.05.23;SAP-Kernel 753 PL 1200 -> IGS 753 PL 15
NW752_KERNEL_SAPEXEDB;NW752;https://me.sap.com/softwarecenter/object/0020000000608612023;https://softwaredownloads.sap.com/file/0020000000608612023;KERNEL_SAPEXEDB;SAPEXEDB_1200-80002572.SAR;c4a77615786d5970278a7cc6101ac857e0a67a790f9ae07094e378e91abcbc30;s3://launchwizard-<AccountID>/<SAP_PRODUCT_ID>/KERNEL;24.08.23;22.05.23;SAP-Kernel 753 PL 1200 -> IGS 753 PL 15
NW752_KERNEL_SAPHOSTAGENT;NW752;https://me.sap.com/softwarecenter/object/0020000000867792023;https://softwaredownloads.sap.com/file/0020000000867792023;KERNEL_SAPHOSTAGENT;SAPHOSTAGENT61_61-80004822.SAR - SAP HOST AGENT 7.22 SP61;280c13ca76d3b2fb1aba5cccdff9b9e3ae7988f6ca5f2553563fd2360dc8f688;s3://launchwizard-<AccountID>/<SAP_PRODUCT_ID>/KERNEL;24.08.23;19.07.23;SAPHOSTAGENT LATEST
NW750_JAVA_SAPCAR;NW750_JAVA;https://me.sap.com/softwarecenter/object/0020000000098642022;https://softwaredownloads.sap.com/file/0020000000098642022;SAPCAR;SAPCAR_1115-70006178.EXE;765412436934362cc5497e3d659fbb78be91093a091c11ec4fbe84dfb415a0e5;s3://launchwizard-<AccountID>/<SAP_PRODUCT_ID>/SAPCAR;24.08.23;27.01.22;SAPCAR LATEST
NW750_JAVA_SWPM;NW750_JAVA;https://me.sap.com/softwarecenter/object/0020000001168142023;https://softwaredownloads.sap.com/file/0020000001168142023;SWPM;SWPM10SP38_5-20009701.SAR;d6852bbc281770a40679ac527dd993a374ddc51f7ca222100ce280235772ac77;s3://launchwizard-<AccountID>/<SAP_PRODUCT_ID>/SWPM;29.09.23;28.09.23;SWPM 1 LATEST
NW750_JAVA_HANADB;NW750_JAVA;https://me.sap.com/softwarecenter/object/0030000001256192023;https://softwaredownloads.sap.com/file/0030000001256192023;HANADB;51057281.ZIP - SAP HANA Platform Edt. 2.0 SPS07 rev73 Linux x86_64;613f8819d54d30338a587b486985cdf160a8969e84a445e8cacdfa3540025371;s3://launchwizard-<AccountID>/<SAP_PRODUCT_ID>/HANADB;23.10.23;17.10.23;HANA LATEST
NW750_JAVA_HANACLIENT;NW750_JAVA;https://me.sap.com/softwarecenter/object/0020000000516362023;https://softwaredownloads.sap.com/file/0020000000516362023;HANACLIENT;IMDB_CLIENT20_016_26-80002082.SAR - SAP HANA CLient 2.16;d238143b22ab5976221ab7d89b097690dd7af9fc75445c1f78eeb7196c569ca4;s3://launchwizard-<AccountID>/<SAP_PRODUCT_ID>/HANADBCLIENT;24.08.23;28.04.23;HANA CLIENT LATEST
NW750_JAVA_EXPORT_PART1;NW750_JAVA;https://me.sap.com/softwarecenter/object//0030000000231172022;https://softwaredownloads.sap.com/file//0030000000231172022;EXPORT_PART1;51055106.ZIP;6cf18b4ab1d1d48809e3103810ccf3f0c73ca4bce6b92b6b187aff27a044d21b;s3://launchwizard-<AccountID>/<SAP_PRODUCT_ID>/EXPORT;24.08.23;;
NW750_JAVA_KERNEL_IGSEXE;NW750_JAVA;https://me.sap.com/softwarecenter/object/0020000000632862023;https://softwaredownloads.sap.com/file/0020000000632862023;KERNEL_IGSEXE;igsexe_15-80003187.sar;b0ecfa41d86c7c56a3e1843554cddb303680dd6be4efab8fbc0cde39e5bfbf34;s3://launchwizard-<AccountID>/<SAP_PRODUCT_ID>/KERNEL;24.08.23;26.05.23;SAP-Kernel 753 PL 1200 -> IGS 753 PL 15
NW750_JAVA_KERNEL_IGSHELPER;NW750_JAVA;https://me.sap.com/softwarecenter/object/0020000000703122018;https://softwaredownloads.sap.com/file/0020000000703122018;KERNEL_IGSHELPER;igshelper_17-10010245.sar - SAP IGS Fonts and Textures;bc405afc4f8221aa1a10a8bc448f8afd9e4e00111100c5544097240c57c99732;s3://launchwizard-<AccountID>/<SAP_PRODUCT_ID>/KERNEL;24.08.23;12.04.18;IGSHELPER LATEST
NW750_JAVA_KERNEL_SAPEXE;NW750_JAVA;https://me.sap.com/softwarecenter/object/0020000000607512023;https://softwaredownloads.sap.com/file/0020000000607512023;KERNEL_SAPEXE;SAPEXE_1200-80002573.SAR;87d852b0a5de8cdb6cf325c07553d7d4b83974d27c5c3f4c2c90e39bda4185e5;s3://launchwizard-<AccountID>/<SAP_PRODUCT_ID>/KERNEL;24.08.23;22.05.23;SAP-Kernel 753 PL 1200 -> IGS 753 PL 15
NW750_JAVA_KERNEL_SAPEXEDB;NW750_JAVA;https://me.sap.com/softwarecenter/object/0020000000608612023;https://softwaredownloads.sap.com/file/0020000000608612023;KERNEL_SAPEXEDB;SAPEXEDB_1200-80002572.SAR;c4a77615786d5970278a7cc6101ac857e0a67a790f9ae07094e378e91abcbc30;s3://launchwizard-<AccountID>/<SAP_PRODUCT_ID>/KERNEL;24.08.23;22.05.23;SAP-Kernel 753 PL 1200 -> IGS 753 PL 15
NW750_JAVA_KERNEL_SAPHOSTAGENT;NW750_JAVA;https://me.sap.com/softwarecenter/object/0020000000867792023;https://softwaredownloads.sap.com/file/0020000000867792023;KERNEL_SAPHOSTAGENT;SAPHOSTAGENT61_61-80004822.SAR - SAP HOST AGENT 7.22 SP61;280c13ca76d3b2fb1aba5cccdff9b9e3ae7988f6ca5f2553563fd2360dc8f688;s3://launchwizard-<AccountID>/<SAP_PRODUCT_ID>/KERNEL;24.08.23;19.07.23;SAPHOSTAGENT LATEST
NW750_JAVA_KERNEL_SAPJVM;NW750_JAVA;https://me.sap.com/softwarecenter/object/0020000000867522023;https://softwaredownloads.sap.com/file/0020000000867522023;KERNEL_SAPJVM;SAPJVM8_95-80000202.SAR;e01428dc295b516503b17a383d140f3ede027d4f483214f6b4eab83a428379f8;s3://launchwizard-<AccountID>/<SAP_PRODUCT_ID>/KERNEL;24.08.23;19.07.23;SAPJVM8 PL 95
BW4HANA20_SAPCAR;BW4HANA20;https://me.sap.com/softwarecenter/object/0020000000098642022;https://softwaredownloads.sap.com/file/0020000000098642022;SAPCAR;SAPCAR_1115-70006178.EXE;765412436934362cc5497e3d659fbb78be91093a091c11ec4fbe84dfb415a0e5;s3://launchwizard-<AccountID>/<SAP_PRODUCT_ID>/SAPCAR;24.08.23;27.01.22;SAPCAR LATEST
BW4HANA20_SWPM;BW4HANA20;https://me.sap.com/softwarecenter/object/0020000001167852023;https://softwaredownloads.sap.com/file/0020000001167852023;SWPM;SWPM20SP15_6-80003424.SAR;4b922df6246562aa00518cab4f62cc653c58a828a8d3723a5ce311ccf2127501;s3://launchwizard-<AccountID>/<SAP_PRODUCT_ID>/SWPM;29.09.23;28.09.23;SWPM 2 LATEST
BW4HANA20_HANADB;BW4HANA20;https://me.sap.com/softwarecenter/object/0030000001256192023;https://softwaredownloads.sap.com/file/0030000001256192023;HANADB;51057281.ZIP - SAP HANA Platform Edt. 2.0 SPS07 rev73 Linux x86_64;613f8819d54d30338a587b486985cdf160a8969e84a445e8cacdfa3540025371;s3://launchwizard-<AccountID>/<SAP_PRODUCT_ID>/HANADB;23.10.23;17.10.23;HANA LATEST
BW4HANA20_HANACLIENT;BW4HANA20;https://me.sap.com/softwarecenter/object/0020000000516362023;https://softwaredownloads.sap.com/file/0020000000516362023;HANACLIENT;IMDB_CLIENT20_016_26-80002082.SAR - SAP HANA CLient 2.16;d238143b22ab5976221ab7d89b097690dd7af9fc75445c1f78eeb7196c569ca4;s3://launchwizard-<AccountID>/<SAP_PRODUCT_ID>/HANADBCLIENT;24.08.23;28.04.23;HANA CLIENT LATEST
BW4HANA20_EXPORT_PART1;BW4HANA20;https://me.sap.com/softwarecenter/object/0030000000365672019;https://softwaredownloads.sap.com/file/0030000000365672019;EXPORT_PART1;BW4HANA200_INST_EXPORT_1.zip;080a4eb72b8f969f1f7cdc577d38766888e000ac5eebec9f922a18cc626a5cf6;s3://launchwizard-<AccountID>/<SAP_PRODUCT_ID>/EXPORT;24.08.23;;
BW4HANA20_EXPORT_PART2;BW4HANA20;https://me.sap.com/softwarecenter/object/0030000000365682019;https://softwaredownloads.sap.com/file/0030000000365682019;EXPORT_PART2;BW4HANA200_INST_EXPORT_2.zip;08ace511819002d096279fe5005e8419c60ebe76fffb7ed9bb2680bf89042231;s3://launchwizard-<AccountID>/<SAP_PRODUCT_ID>/EXPORT;24.08.23;;
BW4HANA20_EXPORT_PART3;BW4HANA20;https://me.sap.com/softwarecenter/object/0030000000365692019;https://softwaredownloads.sap.com/file/0030000000365692019;EXPORT_PART3;BW4HANA200_INST_EXPORT_3.zip;9806ee7e6ca624bc931ce1944b558ae9e7eb26fbecaf5e4d67773444b62f1743;s3://launchwizard-<AccountID>/<SAP_PRODUCT_ID>/EXPORT;24.08.23;;
BW4HANA20_EXPORT_PART4;BW4HANA20;https://me.sap.com/softwarecenter/object/0030000000365712019;https://softwaredownloads.sap.com/file/0030000000365712019;EXPORT_PART4;BW4HANA200_INST_EXPORT_4.zip;33ae72916af12ff7b44db53a455b48e4c4d8e30ed5485f6a9f42cd3ca4756dc7;s3://launchwizard-<AccountID>/<SAP_PRODUCT_ID>/EXPORT;24.08.23;;
BW4HANA20_EXPORT_PART5;BW4HANA20;https://me.sap.com/softwarecenter/object/0030000000365742019;https://softwaredownloads.sap.com/file/0030000000365742019;EXPORT_PART5;BW4HANA200_INST_EXPORT_5.zip;b688ed8ff75a4ef7e9449fe5e17c1d793cab8512aabbe50cdd360a8a94f4e501;s3://launchwizard-<AccountID>/<SAP_PRODUCT_ID>/EXPORT;24.08.23;;
BW4HANA20_EXPORT_PART6;BW4HANA20;https://me.sap.com/softwarecenter/object/0030000000365782019;https://softwaredownloads.sap.com/file/0030000000365782019;EXPORT_PART6;BW4HANA200_INST_EXPORT_6.zip;7c1a7fef9a79fb1cb1af5832e2dc1f71e07824a7e1ae4ec444b7f557e949b53f;s3://launchwizard-<AccountID>/<SAP_PRODUCT_ID>/EXPORT;24.08.23;;
BW4HANA20_EXPORT_PART7;BW4HANA20;https://me.sap.com/softwarecenter/object/0030000000365802019;https://softwaredownloads.sap.com/file/0030000000365802019;EXPORT_PART7;BW4HANA200_INST_EXPORT_7.zip;e3657a358de08abc8106b21e26ea35f96b6867d9bb33da9e3116183c59a8801d;s3://launchwizard-<AccountID>/<SAP_PRODUCT_ID>/EXPORT;24.08.23;;
BW4HANA20_KERNEL_IGSEXE;BW4HANA20;https://me.sap.com/softwarecenter/object/0020000000632862023;https://softwaredownloads.sap.com/file/0020000000632862023;KERNEL_IGSEXE;igsexe_15-80003187.sar;b0ecfa41d86c7c56a3e1843554cddb303680dd6be4efab8fbc0cde39e5bfbf34;s3://launchwizard-<AccountID>/<SAP_PRODUCT_ID>/KERNEL;24.08.23;26.05.23;SAP-Kernel 777 PL 600 -> IGS 753 15
BW4HANA20_KERNEL_IGSHELPER;BW4HANA20;https://me.sap.com/softwarecenter/object/0020000000703122018;https://softwaredownloads.sap.com/file/0020000000703122018;KERNEL_IGSHELPER;igshelper_17-10010245.sar - SAP IGS Fonts and Textures;bc405afc4f8221aa1a10a8bc448f8afd9e4e00111100c5544097240c57c99732;s3://launchwizard-<AccountID>/<SAP_PRODUCT_ID>/KERNEL;24.08.23;12.04.18;IGSHELPER LATEST
BW4HANA20_KERNEL_SAPEXE;BW4HANA20;https://me.sap.com/softwarecenter/object/0020000000915532023;https://softwaredownloads.sap.com/file/0020000000915532023;KERNEL_SAPEXE;SAPEXE_600-80004393.SAR;baa926d7462956ad4ff0162d02d4ee75979992278ac418d0ee073a9dba4e9f93;s3://launchwizard-<AccountID>/<SAP_PRODUCT_ID>/KERNEL;24.08.23;31.07.23;SAP-Kernel 777 PL 600 -> IGS 753 15
BW4HANA20_KERNEL_SAPEXEDB;BW4HANA20;https://me.sap.com/softwarecenter/object/0020000000915942023;https://softwaredownloads.sap.com/file/0020000000915942023;KERNEL_SAPEXEDB;SAPEXEDB_600-80004392.SAR;1474b85b2e9556c7541e3a587aa32fec58c1d9c00dda2612edf918f79fa194ab;s3://launchwizard-<AccountID>/<SAP_PRODUCT_ID>/KERNEL;24.08.23;31.07.23;SAP-Kernel 777 PL 600 -> IGS 753 15
BW4HANA20_KERNEL_SAPHOSTAGENT;BW4HANA20;https://me.sap.com/softwarecenter/object/0020000000867792023;https://softwaredownloads.sap.com/file/0020000000867792023;KERNEL_SAPHOSTAGENT;SAPHOSTAGENT61_61-80004822.SAR - SAP HOST AGENT 7.22 SP61;280c13ca76d3b2fb1aba5cccdff9b9e3ae7988f6ca5f2553563fd2360dc8f688;s3://launchwizard-<AccountID>/<SAP_PRODUCT_ID>/KERNEL;24.08.23;19.07.23;SAPHOSTAGENT LATEST
BW4HANA21_SAPCAR;BW4HANA21;https://me.sap.com/softwarecenter/object/0020000000098642022;https://softwaredownloads.sap.com/file/0020000000098642022;SAPCAR;SAPCAR_1115-70006178.EXE;765412436934362cc5497e3d659fbb78be91093a091c11ec4fbe84dfb415a0e5;s3://launchwizard-<AccountID>/<SAP_PRODUCT_ID>/SAPCAR;24.08.23;27.01.22;SAPCAR LATEST
BW4HANA21_SWPM;BW4HANA21;https://me.sap.com/softwarecenter/object/0020000001167852023;https://softwaredownloads.sap.com/file/0020000001167852023;SWPM;SWPM20SP15_6-80003424.SAR;4b922df6246562aa00518cab4f62cc653c58a828a8d3723a5ce311ccf2127501;s3://launchwizard-<AccountID>/<SAP_PRODUCT_ID>/SWPM;29.09.23;28.09.23;SWPM 2 LATEST
BW4HANA21_HANADB;BW4HANA21;https://me.sap.com/softwarecenter/object/0030000001256192023;https://softwaredownloads.sap.com/file/0030000001256192023;HANADB;51057281.ZIP - SAP HANA Platform Edt. 2.0 SPS07 rev73 Linux x86_64;613f8819d54d30338a587b486985cdf160a8969e84a445e8cacdfa3540025371;s3://launchwizard-<AccountID>/<SAP_PRODUCT_ID>/HANADB;23.10.23;17.10.23;HANA LATEST
BW4HANA21_HANACLIENT;BW4HANA21;https://me.sap.com/softwarecenter/object/0020000000516362023;https://softwaredownloads.sap.com/file/0020000000516362023;HANACLIENT;IMDB_CLIENT20_016_26-80002082.SAR - SAP HANA CLient 2.16;d238143b22ab5976221ab7d89b097690dd7af9fc75445c1f78eeb7196c569ca4;s3://launchwizard-<AccountID>/<SAP_PRODUCT_ID>/HANADBCLIENT;24.08.23;28.04.23;HANA CLIENT LATEST
BW4HANA21_EXPORT_PART1;BW4HANA21;https://me.sap.com/softwarecenter/object/0030000001509582021;https://softwaredownloads.sap.com/file/0030000001509582021;EXPORT_PART1;BW4HANA300_INST_EXPORT_1.zip;eb0dde3c57a5cde657badd17b944e28e55337c19636e9a64b93b9bfa9e6f2218;s3://launchwizard-<AccountID>/<SAP_PRODUCT_ID>/EXPORT;24.08.23;;
BW4HANA21_EXPORT_PART2;BW4HANA21;https://me.sap.com/softwarecenter/object/0030000001509592021;https://softwaredownloads.sap.com/file/0030000001509592021;EXPORT_PART2;BW4HANA300_INST_EXPORT_2.zip;9ce1cd9b8bde689cfb4780aebd8611a4f4a0aba648acad0eb33777d782904b17;s3://launchwizard-<AccountID>/<SAP_PRODUCT_ID>/EXPORT;24.08.23;;
BW4HANA21_EXPORT_PART3;BW4HANA21;https://me.sap.com/softwarecenter/object/0030000001509602021;https://softwaredownloads.sap.com/file/0030000001509602021;EXPORT_PART3;BW4HANA300_INST_EXPORT_3.zip;15ceaa468fc350f87e4da477c1c15d9606fd1332612db096a7a8e93e6f235c3b;s3://launchwizard-<AccountID>/<SAP_PRODUCT_ID>/EXPORT;24.08.23;;
BW4HANA21_EXPORT_PART4;BW4HANA21;https://me.sap.com/softwarecenter/object/0030000001509622021;https://softwaredownloads.sap.com/file/0030000001509622021;EXPORT_PART4;BW4HANA300_INST_EXPORT_4.zip;d16a144feed13068fe70e94fb73419688b21ab85e10ceef461fbac5499a7326b;s3://launchwizard-<AccountID>/<SAP_PRODUCT_ID>/EXPORT;24.08.23;;
BW4HANA21_EXPORT_PART5;BW4HANA21;https://me.sap.com/softwarecenter/object/0030000001509632021;https://softwaredownloads.sap.com/file/0030000001509632021;EXPORT_PART5;BW4HANA300_INST_EXPORT_5.zip;430346f15f91209d721cafa852ec4ed28c8fa263b7ece0da66ce480fe0e06234;s3://launchwizard-<AccountID>/<SAP_PRODUCT_ID>/EXPORT;24.08.23;;
BW4HANA21_EXPORT_PART6;BW4HANA21;https://me.sap.com/softwarecenter/object/0030000001509662021;https://softwaredownloads.sap.com/file/0030000001509662021;EXPORT_PART6;BW4HANA300_INST_EXPORT_6.zip;6a4dd12ecd7d3313fac30c83fa3021f6cad9f05c937927760ad64d88a2f7c6ac;s3://launchwizard-<AccountID>/<SAP_PRODUCT_ID>/EXPORT;24.08.23;;
BW4HANA21_EXPORT_PART7;BW4HANA21;https://me.sap.com/softwarecenter/object/0030000001509692021;https://softwaredownloads.sap.com/file/0030000001509692021;EXPORT_PART7;BW4HANA300_INST_EXPORT_7.zip;665c4970423c9cfbed5e92a055da5018863a6bf8023284ec955988bfcf450bb2;s3://launchwizard-<AccountID>/<SAP_PRODUCT_ID>/EXPORT;24.08.23;;
BW4HANA21_EXPORT_PART8;BW4HANA21;https://me.sap.com/softwarecenter/object/0030000001509712021;https://softwaredownloads.sap.com/file/0030000001509712021;EXPORT_PART8;BW4HANA300_INST_EXPORT_8.zip;e52026f914578b09ef059a75b2a1f16cedd9bae3fac83877b613ff093aede38f;s3://launchwizard-<AccountID>/<SAP_PRODUCT_ID>/EXPORT;24.08.23;;
BW4HANA21_KERNEL_IGSEXE;BW4HANA21;https://me.sap.com/softwarecenter/object/0020000000632872023;https://softwaredownloads.sap.com/file/0020000000632872023;KERNEL_IGSEXE;igsexe_3-70005417.sar;c92e7ed27bd33c9e416a45e363032baad84039bf958f4a182e85b099be3fe377;s3://launchwizard-<AccountID>/<SAP_PRODUCT_ID>/KERNEL;24.08.23;26.05.23;SAP-Kernel 789 PL 100 -> IGS 781 PL 3
BW4HANA21_KERNEL_IGSHELPER;BW4HANA21;https://me.sap.com/softwarecenter/object/0020000000703122018;https://softwaredownloads.sap.com/file/0020000000703122018;KERNEL_IGSHELPER;igshelper_17-10010245.sar - SAP IGS Fonts and Textures;bc405afc4f8221aa1a10a8bc448f8afd9e4e00111100c5544097240c57c99732;s3://launchwizard-<AccountID>/<SAP_PRODUCT_ID>/KERNEL;24.08.23;12.04.18;IGSHELPER LATEST
BW4HANA21_KERNEL_SAPEXE;BW4HANA21;https://me.sap.com/softwarecenter/object/0020000000254052023;https://softwaredownloads.sap.com/file/0020000000254052023;KERNEL_SAPEXE;SAPEXE_100-70006642.SAR;297dc6b2563f00ced5586bc9007afee29037071ac481398c0f6a0d51c5f1df19;s3://launchwizard-<AccountID>/<SAP_PRODUCT_ID>/KERNEL;24.08.23;02.03.23;SAP-Kernel 789 PL 100 -> IGS 781 PL 3
BW4HANA21_KERNEL_SAPEXEDB;BW4HANA21;https://me.sap.com/softwarecenter/object/0020000000254022023;https://softwaredownloads.sap.com/file/0020000000254022023;KERNEL_SAPEXEDB;SAPEXEDB_100-70006641.SAR;19c7ed6a502aa7b2ac0b2cef0ff6086ad626679004eb0492887d88b5a4f374d7;s3://launchwizard-<AccountID>/<SAP_PRODUCT_ID>/KERNEL;24.08.23;02.03.23;SAP-Kernel 789 PL 100 -> IGS 781 PL 3
BW4HANA21_KERNEL_SAPHOSTAGENT;BW4HANA21;https://me.sap.com/softwarecenter/object/0020000000867792023;https://softwaredownloads.sap.com/file/0020000000867792023;KERNEL_SAPHOSTAGENT;SAPHOSTAGENT61_61-80004822.SAR - SAP HOST AGENT 7.22 SP61;280c13ca76d3b2fb1aba5cccdff9b9e3ae7988f6ca5f2553563fd2360dc8f688;s3://launchwizard-<AccountID>/<SAP_PRODUCT_ID>/KERNEL;24.08.23;19.07.23;SAPHOSTAGENT LATEST
S4HANA19_SAPCAR;S4HANA19;https://me.sap.com/softwarecenter/object/0020000000098642022;https://softwaredownloads.sap.com/file/0020000000098642022;SAPCAR;SAPCAR_1115-70006178.EXE;765412436934362cc5497e3d659fbb78be91093a091c11ec4fbe84dfb415a0e5;s3://launchwizard-<AccountID>/<SAP_PRODUCT_ID>/SAPCAR;24.08.23;27.01.22;SAPCAR LATEST
S4HANA19_SWPM;S4HANA19;https://me.sap.com/softwarecenter/object/0020000001167852023;https://softwaredownloads.sap.com/file/0020000001167852023;SWPM;SWPM20SP15_6-80003424.SAR;4b922df6246562aa00518cab4f62cc653c58a828a8d3723a5ce311ccf2127501;s3://launchwizard-<AccountID>/<SAP_PRODUCT_ID>/SWPM;29.09.23;28.09.23;SWPM 2 LATEST
S4HANA19_HANADB;S4HANA19;https://me.sap.com/softwarecenter/object/0030000001256192023;https://softwaredownloads.sap.com/file/0030000001256192023;HANADB;51057281.ZIP - SAP HANA Platform Edt. 2.0 SPS07 rev73 Linux x86_64;613f8819d54d30338a587b486985cdf160a8969e84a445e8cacdfa3540025371;s3://launchwizard-<AccountID>/<SAP_PRODUCT_ID>/HANADB;23.10.23;17.10.23;HANA LATEST
S4HANA19_HANACLIENT;S4HANA19;https://me.sap.com/softwarecenter/object/0020000000516362023;https://softwaredownloads.sap.com/file/0020000000516362023;HANACLIENT;IMDB_CLIENT20_016_26-80002082.SAR - SAP HANA CLient 2.16;d238143b22ab5976221ab7d89b097690dd7af9fc75445c1f78eeb7196c569ca4;s3://launchwizard-<AccountID>/<SAP_PRODUCT_ID>/HANADBCLIENT;24.08.23;28.04.23;HANA CLIENT LATEST
S4HANA19_EXPORT_PART1;S4HANA19;https://me.sap.com/softwarecenter/object/0030000001632352019;https://softwaredownloads.sap.com/file/0030000001632352019;EXPORT_PART1;S4CORE104_INST_EXPORT_1.zip;47f2355aa3a41efea260ffba9fb1d88b7716d42d337bbae7727550150ac356dc;s3://launchwizard-<AccountID>/<SAP_PRODUCT_ID>/EXPORT;24.08.23;;
S4HANA19_EXPORT_PART2;S4HANA19;https://me.sap.com/softwarecenter/object/0030000001632802019;https://softwaredownloads.sap.com/file/0030000001632802019;EXPORT_PART2;S4CORE104_INST_EXPORT_2.zip;fe1ecc302a46af0f74be2f2fa135f38a7d09e1bb6482ac36b0faa5316e053d85;s3://launchwizard-<AccountID>/<SAP_PRODUCT_ID>/EXPORT;24.08.23;;
S4HANA19_EXPORT_PART3;S4HANA19;https://me.sap.com/softwarecenter/object/0030000001633012019;https://softwaredownloads.sap.com/file/0030000001633012019;EXPORT_PART3;S4CORE104_INST_EXPORT_3.zip;5c22db1a220af7f2cc5d90e8d850ff528078ba6823fc85544c7d668c6a287e46;s3://launchwizard-<AccountID>/<SAP_PRODUCT_ID>/EXPORT;24.08.23;;
S4HANA19_EXPORT_PART4;S4HANA19;https://me.sap.com/softwarecenter/object/0030000001633032019;https://softwaredownloads.sap.com/file/0030000001633032019;EXPORT_PART4;S4CORE104_INST_EXPORT_4.zip;e724cc5c825276aa724c8137cc888c92f438045695ab0b415cda2645a64aea95;s3://launchwizard-<AccountID>/<SAP_PRODUCT_ID>/EXPORT;24.08.23;;
S4HANA19_EXPORT_PART5;S4HANA19;https://me.sap.com/softwarecenter/object/0030000001633052019;https://softwaredownloads.sap.com/file/0030000001633052019;EXPORT_PART5;S4CORE104_INST_EXPORT_5.zip;1bcf37d22909ed68a28519aa68ea92b7ed81eeb5d7be4ce4ce1c0f60909a87ab;s3://launchwizard-<AccountID>/<SAP_PRODUCT_ID>/EXPORT;24.08.23;;
S4HANA19_EXPORT_PART6;S4HANA19;https://me.sap.com/softwarecenter/object/0030000001633092019;https://softwaredownloads.sap.com/file/0030000001633092019;EXPORT_PART6;S4CORE104_INST_EXPORT_6.zip;e08ff082e15e03ffc86f38cca0fe58b2807546ad7872402e94e059d90c07604b;s3://launchwizard-<AccountID>/<SAP_PRODUCT_ID>/EXPORT;24.08.23;;
S4HANA19_EXPORT_PART7;S4HANA19;https://me.sap.com/softwarecenter/object/0030000001633142019;https://softwaredownloads.sap.com/file/0030000001633142019;EXPORT_PART7;S4CORE104_INST_EXPORT_7.zip;52af7674efdb544b63316fb9c9c59bd4be15ccebc224b8f0e4d505237d51a732;s3://launchwizard-<AccountID>/<SAP_PRODUCT_ID>/EXPORT;24.08.23;;
S4HANA19_EXPORT_PART8;S4HANA19;https://me.sap.com/softwarecenter/object/0030000001633192019;https://softwaredownloads.sap.com/file/0030000001633192019;EXPORT_PART8;S4CORE104_INST_EXPORT_8.zip;627db4ddc37ac46034022c0abd9efd2076c0269217d2caa0736c17183efd9d8c;s3://launchwizard-<AccountID>/<SAP_PRODUCT_ID>/EXPORT;24.08.23;;
S4HANA19_EXPORT_PART9;S4HANA19;https://me.sap.com/softwarecenter/object/0030000001633242019;https://softwaredownloads.sap.com/file/0030000001633242019;EXPORT_PART9;S4CORE104_INST_EXPORT_9.zip;7f798f08ab2170dd073d94d0c847665bb14ba1b9233a9ed223becea56f72e7cc;s3://launchwizard-<AccountID>/<SAP_PRODUCT_ID>/EXPORT;24.08.23;;
S4HANA19_EXPORT_PART10;S4HANA19;https://me.sap.com/softwarecenter/object/0030000001632372019;https://softwaredownloads.sap.com/file/0030000001632372019;EXPORT_PART10;S4CORE104_INST_EXPORT_10.zip;3d2bb02443a9ca5e326b76055a6e932e702a2e3347557b6e0c5f2e6aa3f5fb67;s3://launchwizard-<AccountID>/<SAP_PRODUCT_ID>/EXPORT;24.08.23;;
S4HANA19_EXPORT_PART11;S4HANA19;https://me.sap.com/softwarecenter/object/0030000001632382019;https://softwaredownloads.sap.com/file/0030000001632382019;EXPORT_PART11;S4CORE104_INST_EXPORT_11.zip;daa5e887436d943cd95c9864b7ba0aa5fb064c02d68d435d27ae4e31bdaa42ec;s3://launchwizard-<AccountID>/<SAP_PRODUCT_ID>/EXPORT;24.08.23;;
S4HANA19_EXPORT_PART12;S4HANA19;https://me.sap.com/softwarecenter/object/0030000001632402019;https://softwaredownloads.sap.com/file/0030000001632402019;EXPORT_PART12;S4CORE104_INST_EXPORT_12.zip;1860b110884f97ad2dbfd09c8cc39dd45e20952e7ee3bfddf87b849915b597a8;s3://launchwizard-<AccountID>/<SAP_PRODUCT_ID>/EXPORT;24.08.23;;
S4HANA19_EXPORT_PART13;S4HANA19;https://me.sap.com/softwarecenter/object/0030000001632442019;https://softwaredownloads.sap.com/file/0030000001632442019;EXPORT_PART13;S4CORE104_INST_EXPORT_13.zip;82ac509bdbef4d6cbceacb926613809a7972739bbaab75345a3dfec3c1d421c1;s3://launchwizard-<AccountID>/<SAP_PRODUCT_ID>/EXPORT;24.08.23;;
S4HANA19_EXPORT_PART14;S4HANA19;https://me.sap.com/softwarecenter/object/0030000001632472019;https://softwaredownloads.sap.com/file/0030000001632472019;EXPORT_PART14;S4CORE104_INST_EXPORT_14.zip;4877c6cb6f616ef9a22ed94048025921792a8c04e54808643459b9b20fd6ab75;s3://launchwizard-<AccountID>/<SAP_PRODUCT_ID>/EXPORT;24.08.23;;
S4HANA19_EXPORT_PART15;S4HANA19;https://me.sap.com/softwarecenter/object/0030000001632502019;https://softwaredownloads.sap.com/file/0030000001632502019;EXPORT_PART15;S4CORE104_INST_EXPORT_15.zip;db377a0456151e594f57745603088316c8d91c28b7ad4a61ffa27fb368fadfa8;s3://launchwizard-<AccountID>/<SAP_PRODUCT_ID>/EXPORT;24.08.23;;
S4HANA19_EXPORT_PART16;S4HANA19;https://me.sap.com/softwarecenter/object/0030000001632562019;https://softwaredownloads.sap.com/file/0030000001632562019;EXPORT_PART16;S4CORE104_INST_EXPORT_16.zip;f6a7e1b0df2ecfcdc107b09f21d5e00cb73e64d25cfca4a92e0e123ca810e685;s3://launchwizard-<AccountID>/<SAP_PRODUCT_ID>/EXPORT;24.08.23;;
S4HANA19_EXPORT_PART17;S4HANA19;https://me.sap.com/softwarecenter/object/0030000001632682019;https://softwaredownloads.sap.com/file/0030000001632682019;EXPORT_PART17;S4CORE104_INST_EXPORT_17.zip;a85d693d10bec340473f3136a6dbe20673209a15a0154a9b3da1c185cb800171;s3://launchwizard-<AccountID>/<SAP_PRODUCT_ID>/EXPORT;24.08.23;;
S4HANA19_EXPORT_PART18;S4HANA19;https://me.sap.com/softwarecenter/object/0030000001632732019;https://softwaredownloads.sap.com/file/0030000001632732019;EXPORT_PART18;S4CORE104_INST_EXPORT_18.zip;8bc95160c003e023bfb2b122e102ff9efc384d05dd1c24d5ff88b24d9315ef4e;s3://launchwizard-<AccountID>/<SAP_PRODUCT_ID>/EXPORT;24.08.23;;
S4HANA19_EXPORT_PART19;S4HANA19;https://me.sap.com/softwarecenter/object/0030000001632782019;https://softwaredownloads.sap.com/file/0030000001632782019;EXPORT_PART19;S4CORE104_INST_EXPORT_19.zip;1f86d2428b8ad9c421241bde55d97f8e5707235c3edfea97d53723e407a8acc8;s3://launchwizard-<AccountID>/<SAP_PRODUCT_ID>/EXPORT;24.08.23;;
S4HANA19_EXPORT_PART20;S4HANA19;https://me.sap.com/softwarecenter/object/0030000001632832019;https://softwaredownloads.sap.com/file/0030000001632832019;EXPORT_PART20;S4CORE104_INST_EXPORT_20.zip;e9a1425b8dddee1cb49a8bbbffcd1569cac0857822d0b094534936b5f1eec84c;s3://launchwizard-<AccountID>/<SAP_PRODUCT_ID>/EXPORT;24.08.23;;
S4HANA19_EXPORT_PART21;S4HANA19;https://me.sap.com/softwarecenter/object/0030000001632862019;https://softwaredownloads.sap.com/file/0030000001632862019;EXPORT_PART21;S4CORE104_INST_EXPORT_21.zip;3e016dbfbe965719578e999601f57eb88112954c1f906cf65149def39732c0f9;s3://launchwizard-<AccountID>/<SAP_PRODUCT_ID>/EXPORT;24.08.23;;
S4HANA19_EXPORT_PART22;S4HANA19;https://me.sap.com/softwarecenter/object/0030000001632902019;https://softwaredownloads.sap.com/file/0030000001632902019;EXPORT_PART22;S4CORE104_INST_EXPORT_22.zip;645ea88066171ffbc8da427254f7bb45919d18610e697afc81c7ca71fff56fed;s3://launchwizard-<AccountID>/<SAP_PRODUCT_ID>/EXPORT;24.08.23;;
S4HANA19_EXPORT_PART23;S4HANA19;https://me.sap.com/softwarecenter/object/0030000001632932019;https://softwaredownloads.sap.com/file/0030000001632932019;EXPORT_PART23;S4CORE104_INST_EXPORT_23.zip;e0e69bf2f0b2e3215656a8ed94d8067f971d5264815fa2a06a9c78961b801f22;s3://launchwizard-<AccountID>/<SAP_PRODUCT_ID>/EXPORT;24.08.23;;
S4HANA19_EXPORT_PART24;S4HANA19;https://me.sap.com/softwarecenter/object/0030000001632972019;https://softwaredownloads.sap.com/file/0030000001632972019;EXPORT_PART24;S4CORE104_INST_EXPORT_24.zip;22b915225787d717e530b13b06f9af2e0c316c664b49c63cce7483216142a890;s3://launchwizard-<AccountID>/<SAP_PRODUCT_ID>/EXPORT;24.08.23;;
S4HANA19_EXPORT_PART25;S4HANA19;https://me.sap.com/softwarecenter/object/0030000001633002019;https://softwaredownloads.sap.com/file/0030000001633002019;EXPORT_PART25;S4CORE104_INST_EXPORT_25.zip;04963a19c65a5b985a8c4aaf0c31c5adaf45aa8f2252dd5037b0a723d8eac45b;s3://launchwizard-<AccountID>/<SAP_PRODUCT_ID>/EXPORT;24.08.23;;
S4HANA19_KERNEL_IGSEXE;S4HANA19;https://me.sap.com/softwarecenter/object/0020000000632862023;https://softwaredownloads.sap.com/file/0020000000632862023;KERNEL_IGSEXE;igsexe_15-80003187.sar;b0ecfa41d86c7c56a3e1843554cddb303680dd6be4efab8fbc0cde39e5bfbf34;s3://launchwizard-<AccountID>/<SAP_PRODUCT_ID>/KERNEL;24.08.23;26.05.23;SAP-Kernel 777 PL 600 -> IGS 753 15
S4HANA19_KERNEL_IGSHELPER;S4HANA19;https://me.sap.com/softwarecenter/object/0020000000703122018;https://softwaredownloads.sap.com/file/0020000000703122018;KERNEL_IGSHELPER;igshelper_17-10010245.sar - SAP IGS Fonts and Textures;bc405afc4f8221aa1a10a8bc448f8afd9e4e00111100c5544097240c57c99732;s3://launchwizard-<AccountID>/<SAP_PRODUCT_ID>/KERNEL;24.08.23;12.04.18;IGSHELPER LATEST
S4HANA19_KERNEL_SAPEXE;S4HANA19;https://me.sap.com/softwarecenter/object/0020000000915532023;https://softwaredownloads.sap.com/file/0020000000915532023;KERNEL_SAPEXE;SAPEXE_600-80004393.SAR;baa926d7462956ad4ff0162d02d4ee75979992278ac418d0ee073a9dba4e9f93;s3://launchwizard-<AccountID>/<SAP_PRODUCT_ID>/KERNEL;24.08.23;31.07.23;SAP-Kernel 777 PL 600 -> IGS 753 15
S4HANA19_KERNEL_SAPEXEDB;S4HANA19;https://me.sap.com/softwarecenter/object/0020000000915942023;https://softwaredownloads.sap.com/file/0020000000915942023;KERNEL_SAPEXEDB;SAPEXEDB_600-80004392.SAR;1474b85b2e9556c7541e3a587aa32fec58c1d9c00dda2612edf918f79fa194ab;s3://launchwizard-<AccountID>/<SAP_PRODUCT_ID>/KERNEL;24.08.23;31.07.23;SAP-Kernel 777 PL 600 -> IGS 753 15
S4HANA19_KERNEL_SAPHOSTAGENT;S4HANA19;https://me.sap.com/softwarecenter/object/0020000000867792023;https://softwaredownloads.sap.com/file/0020000000867792023;KERNEL_SAPHOSTAGENT;SAPHOSTAGENT61_61-80004822.SAR - SAP HOST AGENT 7.22 SP61;280c13ca76d3b2fb1aba5cccdff9b9e3ae7988f6ca5f2553563fd2360dc8f688;s3://launchwizard-<AccountID>/<SAP_PRODUCT_ID>/KERNEL;24.08.23;19.07.23;SAPHOSTAGENT LATEST
S4HANA20_SAPCAR;S4HANA20;https://me.sap.com/softwarecenter/object/0020000000098642022;https://softwaredownloads.sap.com/file/0020000000098642022;SAPCAR;SAPCAR_1115-70006178.EXE;765412436934362cc5497e3d659fbb78be91093a091c11ec4fbe84dfb415a0e5;s3://launchwizard-<AccountID>/<SAP_PRODUCT_ID>/SAPCAR;24.08.23;27.01.22;SAPCAR LATEST
S4HANA20_SWPM;S4HANA20;https://me.sap.com/softwarecenter/object/0020000001167852023;https://softwaredownloads.sap.com/file/0020000001167852023;SWPM;SWPM20SP15_6-80003424.SAR;4b922df6246562aa00518cab4f62cc653c58a828a8d3723a5ce311ccf2127501;s3://launchwizard-<AccountID>/<SAP_PRODUCT_ID>/SWPM;29.09.23;28.09.23;SWPM 2 LATEST
S4HANA20_HANADB;S4HANA20;https://me.sap.com/softwarecenter/object/0030000001256192023;https://softwaredownloads.sap.com/file/0030000001256192023;HANADB;51057281.ZIP - SAP HANA Platform Edt. 2.0 SPS07 rev73 Linux x86_64;613f8819d54d30338a587b486985cdf160a8969e84a445e8cacdfa3540025371;s3://launchwizard-<AccountID>/<SAP_PRODUCT_ID>/HANADB;23.10.23;17.10.23;HANA LATEST
S4HANA20_HANACLIENT;S4HANA20;https://me.sap.com/softwarecenter/object/0020000000516362023;https://softwaredownloads.sap.com/file/0020000000516362023;HANACLIENT;IMDB_CLIENT20_016_26-80002082.SAR - SAP HANA CLient 2.16;d238143b22ab5976221ab7d89b097690dd7af9fc75445c1f78eeb7196c569ca4;s3://launchwizard-<AccountID>/<SAP_PRODUCT_ID>/HANADBCLIENT;24.08.23;28.04.23;HANA CLIENT LATEST
S4HANA20_EXPORT_PART1;S4HANA20;https://me.sap.com/softwarecenter/object/0030000001666752020;https://softwaredownloads.sap.com/file/0030000001666752020;EXPORT_PART1;S4CORE105_INST_EXPORT_1.zip;bf8ea8d901a9be19b008b20025d9120360c53277e8bc08b31ca7ff837718eadc;s3://launchwizard-<AccountID>/<SAP_PRODUCT_ID>/EXPORT;24.08.23;;
S4HANA20_EXPORT_PART2;S4HANA20;https://me.sap.com/softwarecenter/object/0030000001666922020;https://softwaredownloads.sap.com/file/0030000001666922020;EXPORT_PART2;S4CORE105_INST_EXPORT_2.zip;8443085add99ad782c6d1be039ceeac1865a6a78fe448835f8af5ff06c62f116;s3://launchwizard-<AccountID>/<SAP_PRODUCT_ID>/EXPORT;24.08.23;;
S4HANA20_EXPORT_PART3;S4HANA20;https://me.sap.com/softwarecenter/object/0030000001667002020;https://softwaredownloads.sap.com/file/0030000001667002020;EXPORT_PART3;S4CORE105_INST_EXPORT_3.zip;b3291c94a1981097f6a24936d99a1c5002a319acffcb0be806e54a4359075274;s3://launchwizard-<AccountID>/<SAP_PRODUCT_ID>/EXPORT;24.08.23;;
S4HANA20_EXPORT_PART4;S4HANA20;https://me.sap.com/softwarecenter/object/0030000001667012020;https://softwaredownloads.sap.com/file/0030000001667012020;EXPORT_PART4;S4CORE105_INST_EXPORT_4.zip;56412f68d17920c8cffb6d1af0d39a60c73b8d47a2b572bed38eafd3e31956b1;s3://launchwizard-<AccountID>/<SAP_PRODUCT_ID>/EXPORT;24.08.23;;
S4HANA20_EXPORT_PART5;S4HANA20;https://me.sap.com/softwarecenter/object/0030000001667022020;https://softwaredownloads.sap.com/file/0030000001667022020;EXPORT_PART5;S4CORE105_INST_EXPORT_5.zip;1ec1bbac65617081ab4ca20976d99d4824a2e9cd8371743059adc4add01d4180;s3://launchwizard-<AccountID>/<SAP_PRODUCT_ID>/EXPORT;24.08.23;;
S4HANA20_EXPORT_PART6;S4HANA20;https://me.sap.com/softwarecenter/object/0030000001667032020;https://softwaredownloads.sap.com/file/0030000001667032020;EXPORT_PART6;S4CORE105_INST_EXPORT_6.zip;2186941d7584d21e718fe2ab2e9df92221d4322751d317dabc9131f37c7c2a2f;s3://launchwizard-<AccountID>/<SAP_PRODUCT_ID>/EXPORT;24.08.23;;
S4HANA20_EXPORT_PART7;S4HANA20;https://me.sap.com/softwarecenter/object/0030000001667052020;https://softwaredownloads.sap.com/file/0030000001667052020;EXPORT_PART7;S4CORE105_INST_EXPORT_7.zip;a569ca20838ad888ec881024840c4a31db5c76ae2dbb4ba31f6e2f1ac9cd18a8;s3://launchwizard-<AccountID>/<SAP_PRODUCT_ID>/EXPORT;24.08.23;;
S4HANA20_EXPORT_PART8;S4HANA20;https://me.sap.com/softwarecenter/object/0030000001667062020;https://softwaredownloads.sap.com/file/0030000001667062020;EXPORT_PART8;S4CORE105_INST_EXPORT_8.zip;b94fab3ede5a111b1709af65352c835d531407fb09e12a146fdc97a61786b592;s3://launchwizard-<AccountID>/<SAP_PRODUCT_ID>/EXPORT;24.08.23;;
S4HANA20_EXPORT_PART9;S4HANA20;https://me.sap.com/softwarecenter/object/0030000001667072020;https://softwaredownloads.sap.com/file/0030000001667072020;EXPORT_PART9;S4CORE105_INST_EXPORT_9.zip;14c2982a43f9f61cd2446fff6474e0368bcc27799883c6a06768783d06698322;s3://launchwizard-<AccountID>/<SAP_PRODUCT_ID>/EXPORT;24.08.23;;
S4HANA20_EXPORT_PART10;S4HANA20;https://me.sap.com/softwarecenter/object/0030000001666762020;https://softwaredownloads.sap.com/file/0030000001666762020;EXPORT_PART10;S4CORE105_INST_EXPORT_10.zip;53223fe52caae836b0a63a673e9d8f5e9a3b767d1139c9380a56030a652a13fa;s3://launchwizard-<AccountID>/<SAP_PRODUCT_ID>/EXPORT;24.08.23;;
S4HANA20_EXPORT_PART11;S4HANA20;https://me.sap.com/softwarecenter/object/0030000001666772020;https://softwaredownloads.sap.com/file/0030000001666772020;EXPORT_PART11;S4CORE105_INST_EXPORT_11.zip;41a07b3a213ddf3a2ce2ebcdf971e325ee2c9c725495c0908bd5772f43efd5d9;s3://launchwizard-<AccountID>/<SAP_PRODUCT_ID>/EXPORT;24.08.23;;
S4HANA20_EXPORT_PART12;S4HANA20;https://me.sap.com/softwarecenter/object/0030000001666782020;https://softwaredownloads.sap.com/file/0030000001666782020;EXPORT_PART12;S4CORE105_INST_EXPORT_12.zip;c8dc600b858ffa32d99e4e1aa18b632674c55e2cf1d2d38e88ac968b78ead2ab;s3://launchwizard-<AccountID>/<SAP_PRODUCT_ID>/EXPORT;24.08.23;;
S4HANA20_EXPORT_PART13;S4HANA20;https://me.sap.com/softwarecenter/object/0030000001666802020;https://softwaredownloads.sap.com/file/0030000001666802020;EXPORT_PART13;S4CORE105_INST_EXPORT_13.zip;005012e0736bd8ee7f5862c23d5be3d9172d7a7efac6c50553561806ecc8442b;s3://launchwizard-<AccountID>/<SAP_PRODUCT_ID>/EXPORT;24.08.23;;
S4HANA20_EXPORT_PART14;S4HANA20;https://me.sap.com/softwarecenter/object/0030000001666842020;https://softwaredownloads.sap.com/file/0030000001666842020;EXPORT_PART14;S4CORE105_INST_EXPORT_14.zip;d1b012b1694c55aee5b1e158d11d9d7831742affda319749bbd71ebc5db16c04;s3://launchwizard-<AccountID>/<SAP_PRODUCT_ID>/EXPORT;24.08.23;;
S4HANA20_EXPORT_PART15;S4HANA20;https://me.sap.com/softwarecenter/object/0030000001666862020;https://softwaredownloads.sap.com/file/0030000001666862020;EXPORT_PART15;S4CORE105_INST_EXPORT_15.zip;a9925856644cec2404956e17218dc0d7555cbcb8c402d007faa7c0beac1b0f8a;s3://launchwizard-<AccountID>/<SAP_PRODUCT_ID>/EXPORT;24.08.23;;
S4HANA20_EXPORT_PART16;S4HANA20;https://me.sap.com/softwarecenter/object/0030000001666872020;https://softwaredownloads.sap.com/file/0030000001666872020;EXPORT_PART16;S4CORE105_INST_EXPORT_16.zip;473282155d7e5a9d86312d4f95b1df350d952b32ffd4494b29b1228746484d02;s3://launchwizard-<AccountID>/<SAP_PRODUCT_ID>/EXPORT;24.08.23;;
S4HANA20_EXPORT_PART17;S4HANA20;https://me.sap.com/softwarecenter/object/0030000001666882020;https://softwaredownloads.sap.com/file/0030000001666882020;EXPORT_PART17;S4CORE105_INST_EXPORT_17.zip;b00799a132ae3b6f0798791c0a8389090ee6fe64895898b2f9bf37a7881e1836;s3://launchwizard-<AccountID>/<SAP_PRODUCT_ID>/EXPORT;24.08.23;;
S4HANA20_EXPORT_PART18;S4HANA20;https://me.sap.com/softwarecenter/object/0030000001666892020;https://softwaredownloads.sap.com/file/0030000001666892020;EXPORT_PART18;S4CORE105_INST_EXPORT_18.zip;23552a7bf21e0b92765e9778b6f081e11680a58c4d7d63c8598ee95d5879a9d1;s3://launchwizard-<AccountID>/<SAP_PRODUCT_ID>/EXPORT;24.08.23;;
S4HANA20_EXPORT_PART19;S4HANA20;https://me.sap.com/softwarecenter/object/0030000001666912020;https://softwaredownloads.sap.com/file/0030000001666912020;EXPORT_PART19;S4CORE105_INST_EXPORT_19.zip;9d60e53217e0566b05fe06dc7dfde016d2f8f259c73fef6064b5a4f1772a24f8;s3://launchwizard-<AccountID>/<SAP_PRODUCT_ID>/EXPORT;24.08.23;;
S4HANA20_EXPORT_PART20;S4HANA20;https://me.sap.com/softwarecenter/object/0030000001666932020;https://softwaredownloads.sap.com/file/0030000001666932020;EXPORT_PART20;S4CORE105_INST_EXPORT_20.zip;fc6eae3d201d3b839deab2f7196976b40408bd24bf5ea85183235790e483e8cc;s3://launchwizard-<AccountID>/<SAP_PRODUCT_ID>/EXPORT;24.08.23;;
S4HANA20_EXPORT_PART21;S4HANA20;https://me.sap.com/softwarecenter/object/0030000001666942020;https://softwaredownloads.sap.com/file/0030000001666942020;EXPORT_PART21;S4CORE105_INST_EXPORT_21.zip;f76a740da5218d8445ef028b501fff8486b4eb315367f70dba93940f4bfdf6e5;s3://launchwizard-<AccountID>/<SAP_PRODUCT_ID>/EXPORT;24.08.23;;
S4HANA20_EXPORT_PART22;S4HANA20;https://me.sap.com/softwarecenter/object/0030000001666952020;https://softwaredownloads.sap.com/file/0030000001666952020;EXPORT_PART22;S4CORE105_INST_EXPORT_22.zip;f5b2af2bca509a8cfa1738e23490ef646a657abffd7c94863abd445057f60ad8;s3://launchwizard-<AccountID>/<SAP_PRODUCT_ID>/EXPORT;24.08.23;;
S4HANA20_EXPORT_PART23;S4HANA20;https://me.sap.com/softwarecenter/object/0030000001666982020;https://softwaredownloads.sap.com/file/0030000001666982020;EXPORT_PART23;S4CORE105_INST_EXPORT_23.zip;db4f4b1e52665fbf9b8a98ee36c3f702e3aaec3cd9278f5ad6b7d777693a7810;s3://launchwizard-<AccountID>/<SAP_PRODUCT_ID>/EXPORT;24.08.23;;
S4HANA20_EXPORT_PART24;S4HANA20;https://me.sap.com/softwarecenter/object/0030000001666992020;https://softwaredownloads.sap.com/file/0030000001666992020;EXPORT_PART24;S4CORE105_INST_EXPORT_24.zip;7d78b729a8c5ff021e943a2decfb4c8c047458b1848939e50edf37c6915fc46b;s3://launchwizard-<AccountID>/<SAP_PRODUCT_ID>/EXPORT;24.08.23;;
S4HANA20_KERNEL_IGSEXE;S4HANA20;https://me.sap.com/softwarecenter/object/0020000000632872023;https://softwaredownloads.sap.com/file/0020000000632872023;KERNEL_IGSEXE;igsexe_3-70005417.sar;c92e7ed27bd33c9e416a45e363032baad84039bf958f4a182e85b099be3fe377;s3://launchwizard-<AccountID>/<SAP_PRODUCT_ID>/KERNEL;24.08.23;26.05.23;SAP-Kernel 789 PL 100 -> IGS 781 PL 3
S4HANA20_KERNEL_IGSHELPER;S4HANA20;https://me.sap.com/softwarecenter/object/0020000000254052023;https://softwaredownloads.sap.com/file/0020000000254052023;KERNEL_SAPEXE;SAPEXE_100-70006642.SAR;297dc6b2563f00ced5586bc9007afee29037071ac481398c0f6a0d51c5f1df19;s3://launchwizard-<AccountID>/<SAP_PRODUCT_ID>/KERNEL;24.08.23;02.03.23;SAP-Kernel 789 PL 100 -> IGS 781 PL 3
S4HANA20_KERNEL_SAPEXE;S4HANA20;https://me.sap.com/softwarecenter/object/0020000000254052023;https://softwaredownloads.sap.com/file/0020000000254052023;KERNEL_SAPEXE;SAPEXE_100-70006642.SAR;297dc6b2563f00ced5586bc9007afee29037071ac481398c0f6a0d51c5f1df19;s3://launchwizard-<AccountID>/<SAP_PRODUCT_ID>/KERNEL;24.08.23;02.03.23;SAP-Kernel 789 PL 100 -> IGS 781 PL 3
S4HANA20_KERNEL_SAPEXEDB;S4HANA20;https://me.sap.com/softwarecenter/object/0020000000254022023;https://softwaredownloads.sap.com/file/0020000000254022023;KERNEL_SAPEXEDB;SAPEXEDB_100-70006641.SAR;19c7ed6a502aa7b2ac0b2cef0ff6086ad626679004eb0492887d88b5a4f374d7;s3://launchwizard-<AccountID>/<SAP_PRODUCT_ID>/KERNEL;24.08.23;02.03.23;SAP-Kernel 789 PL 100 -> IGS 781 PL 3
S4HANA20_KERNEL_SAPHOSTAGENT;S4HANA20;https://me.sap.com/softwarecenter/object/0020000000867792023;https://softwaredownloads.sap.com/file/0020000000867792023;KERNEL_SAPHOSTAGENT;SAPHOSTAGENT61_61-80004822.SAR - SAP HOST AGENT 7.22 SP61;280c13ca76d3b2fb1aba5cccdff9b9e3ae7988f6ca5f2553563fd2360dc8f688;s3://launchwizard-<AccountID>/<SAP_PRODUCT_ID>/KERNEL;24.08.23;19.07.23;SAPHOSTAGENT LATEST
S4HANA21_SAPCAR;S4HANA21;https://me.sap.com/softwarecenter/object/0020000000098642022;https://softwaredownloads.sap.com/file/0020000000098642022;SAPCAR;SAPCAR_1115-70006178.EXE;765412436934362cc5497e3d659fbb78be91093a091c11ec4fbe84dfb415a0e5;s3://launchwizard-<AccountID>/<SAP_PRODUCT_ID>/SAPCAR;24.08.23;27.01.22;SAPCAR LATEST
S4HANA21_SWPM;S4HANA21;https://me.sap.com/softwarecenter/object/0020000001167852023;https://softwaredownloads.sap.com/file/0020000001167852023;SWPM;SWPM20SP15_6-80003424.SAR;4b922df6246562aa00518cab4f62cc653c58a828a8d3723a5ce311ccf2127501;s3://launchwizard-<AccountID>/<SAP_PRODUCT_ID>/SWPM;29.09.23;28.09.23;SWPM 2 LATEST
S4HANA21_HANADB;S4HANA21;https://me.sap.com/softwarecenter/object/0030000001256192023;https://softwaredownloads.sap.com/file/0030000001256192023;HANADB;51057281.ZIP - SAP HANA Platform Edt. 2.0 SPS07 rev73 Linux x86_64;613f8819d54d30338a587b486985cdf160a8969e84a445e8cacdfa3540025371;s3://launchwizard-<AccountID>/<SAP_PRODUCT_ID>/HANADB;23.10.23;17.10.23;HANA LATEST
S4HANA21_HANACLIENT;S4HANA21;https://me.sap.com/softwarecenter/object/0020000000516362023;https://softwaredownloads.sap.com/file/0020000000516362023;HANACLIENT;IMDB_CLIENT20_016_26-80002082.SAR - SAP HANA CLient 2.16;d238143b22ab5976221ab7d89b097690dd7af9fc75445c1f78eeb7196c569ca4;s3://launchwizard-<AccountID>/<SAP_PRODUCT_ID>/HANADBCLIENT;24.08.23;28.04.23;HANA CLIENT LATEST
S4HANA21_EXPORT_PART1;S4HANA21;https://me.sap.com/softwarecenter/object/0030000001440322021;https://softwaredownloads.sap.com/file/0030000001440322021;EXPORT_PART1;S4CORE106_INST_EXPORT_1.exe;1b0701e9360078a7ac3f58c46b81d84ccdb35147732dc1b87efa54bc6d49cac4;s3://launchwizard-<AccountID>/<SAP_PRODUCT_ID>/EXPORT;24.08.23;;
S4HANA21_EXPORT_PART2;S4HANA21;https://me.sap.com/softwarecenter/object/0030000001440482021;https://softwaredownloads.sap.com/file/0030000001440482021;EXPORT_PART2;S4CORE106_INST_EXPORT_2.rar;f9abb08182c45261a29eda3dd982ff739f8150da4f5f218197191e6e14d2bbed;s3://launchwizard-<AccountID>/<SAP_PRODUCT_ID>/EXPORT;24.08.23;;
S4HANA21_EXPORT_PART3;S4HANA21;https://me.sap.com/softwarecenter/object/0030000001440602021;https://softwaredownloads.sap.com/file/0030000001440602021;EXPORT_PART3;S4CORE106_INST_EXPORT_3.rar;a2f3dfbb0fe22d5bf8cf2c05297f71308ab3019a24cc0b99be439de405737b1c;s3://launchwizard-<AccountID>/<SAP_PRODUCT_ID>/EXPORT;24.08.23;;
S4HANA21_EXPORT_PART4;S4HANA21;https://me.sap.com/softwarecenter/object/0030000001440612021;https://softwaredownloads.sap.com/file/0030000001440612021;EXPORT_PART4;S4CORE106_INST_EXPORT_4.rar;3919f528a190f3d3c4e07809463ff559828b5d5aa99d9b132ac0a5a6c17aa69d;s3://launchwizard-<AccountID>/<SAP_PRODUCT_ID>/EXPORT;24.08.23;;
S4HANA21_EXPORT_PART5;S4HANA21;https://me.sap.com/softwarecenter/object/0030000001440622021;https://softwaredownloads.sap.com/file/0030000001440622021;EXPORT_PART5;S4CORE106_INST_EXPORT_5.rar;6ebe1a2086fc84417297ea085f8ade1c7fe92003abe827a73a5984a42fb756ff;s3://launchwizard-<AccountID>/<SAP_PRODUCT_ID>/EXPORT;24.08.23;;
S4HANA21_EXPORT_PART6;S4HANA21;https://me.sap.com/softwarecenter/object/0030000001440632021;https://softwaredownloads.sap.com/file/0030000001440632021;EXPORT_PART6;S4CORE106_INST_EXPORT_6.rar;1669c755f541b146fef32329a19fc09d5ea19d3232a75392db80c3a956df4a67;s3://launchwizard-<AccountID>/<SAP_PRODUCT_ID>/EXPORT;24.08.23;;
S4HANA21_EXPORT_PART7;S4HANA21;https://me.sap.com/softwarecenter/object/0030000001440642021;https://softwaredownloads.sap.com/file/0030000001440642021;EXPORT_PART7;S4CORE106_INST_EXPORT_7.rar;8f1d6726d9e1fdae0087626ecbc19734b331a09ab02289449d23a84171c1bc57;s3://launchwizard-<AccountID>/<SAP_PRODUCT_ID>/EXPORT;24.08.23;;
S4HANA21_EXPORT_PART8;S4HANA21;https://me.sap.com/softwarecenter/object/0030000001440662021;https://softwaredownloads.sap.com/file/0030000001440662021;EXPORT_PART8;S4CORE106_INST_EXPORT_8.rar;4f8a3ddd87c905660e962e21dcc6d3860e7af19b2422265c469a733d0150aff4;s3://launchwizard-<AccountID>/<SAP_PRODUCT_ID>/EXPORT;24.08.23;;
S4HANA21_EXPORT_PART9;S4HANA21;https://me.sap.com/softwarecenter/object/0030000001440672021;https://softwaredownloads.sap.com/file/0030000001440672021;EXPORT_PART9;S4CORE106_INST_EXPORT_9.rar;436299f393faef7845694b885a1f4a66e921eaa888db31981e5dea4f9737d720;s3://launchwizard-<AccountID>/<SAP_PRODUCT_ID>/EXPORT;24.08.23;;
S4HANA21_EXPORT_PART10;S4HANA21;https://me.sap.com/softwarecenter/object/0030000001440332021;https://softwaredownloads.sap.com/file/0030000001440332021;EXPORT_PART10;S4CORE106_INST_EXPORT_10.rar;9d35b198c48abec7ee2b3b312b26e6775d7a63c5fbbe559ef8815d402d7b8abb;s3://launchwizard-<AccountID>/<SAP_PRODUCT_ID>/EXPORT;24.08.23;;
S4HANA21_EXPORT_PART11;S4HANA21;https://me.sap.com/softwarecenter/object/0030000001440352021;https://softwaredownloads.sap.com/file/0030000001440352021;EXPORT_PART11;S4CORE106_INST_EXPORT_11.rar;f78f4a94771812b4ce7e9d3b46090786ad7b8efe6e33008b8aaf5da59f254424;s3://launchwizard-<AccountID>/<SAP_PRODUCT_ID>/EXPORT;24.08.23;;
S4HANA21_EXPORT_PART12;S4HANA21;https://me.sap.com/softwarecenter/object/0030000001440382021;https://softwaredownloads.sap.com/file/0030000001440382021;EXPORT_PART12;S4CORE106_INST_EXPORT_12.rar;5573a086cdaab489c83298f715aab1e8f3ebdc91fe95cf8afc6a33c3c0aee97d;s3://launchwizard-<AccountID>/<SAP_PRODUCT_ID>/EXPORT;24.08.23;;
S4HANA21_EXPORT_PART13;S4HANA21;https://me.sap.com/softwarecenter/object/0030000001440392021;https://softwaredownloads.sap.com/file/0030000001440392021;EXPORT_PART13;S4CORE106_INST_EXPORT_13.rar;c54f2c931d78890a90525d59be39132090912856925863eb3bc23e4bc8ab2d7f;s3://launchwizard-<AccountID>/<SAP_PRODUCT_ID>/EXPORT;24.08.23;;
S4HANA21_EXPORT_PART14;S4HANA21;https://me.sap.com/softwarecenter/object/0030000001440402021;https://softwaredownloads.sap.com/file/0030000001440402021;EXPORT_PART14;S4CORE106_INST_EXPORT_14.rar;93f0551134e6b3b36b739656c59c1c41537555b2017295002e4c79df63e388c1;s3://launchwizard-<AccountID>/<SAP_PRODUCT_ID>/EXPORT;24.08.23;;
S4HANA21_EXPORT_PART15;S4HANA21;https://me.sap.com/softwarecenter/object/0030000001440412021;https://softwaredownloads.sap.com/file/0030000001440412021;EXPORT_PART15;S4CORE106_INST_EXPORT_15.rar;40c5daf1a78f66439d3c960e2fc42561461aa2872fcc28311db7d9adeb73604d;s3://launchwizard-<AccountID>/<SAP_PRODUCT_ID>/EXPORT;24.08.23;;
S4HANA21_EXPORT_PART16;S4HANA21;https://me.sap.com/softwarecenter/object/0030000001440422021;https://softwaredownloads.sap.com/file/0030000001440422021;EXPORT_PART16;S4CORE106_INST_EXPORT_16.rar;5ce92411168a1d82aeaa2242ccec2b1b1ea8d90234fa168c21ab4cc36be8877f;s3://launchwizard-<AccountID>/<SAP_PRODUCT_ID>/EXPORT;24.08.23;;
S4HANA21_EXPORT_PART17;S4HANA21;https://me.sap.com/softwarecenter/object/0030000001440442021;https://softwaredownloads.sap.com/file/0030000001440442021;EXPORT_PART17;S4CORE106_INST_EXPORT_17.rar;9fd961527685a332cc1d91e7110654a1629b12398548b5ac2671df2088b9eb09;s3://launchwizard-<AccountID>/<SAP_PRODUCT_ID>/EXPORT;24.08.23;;
S4HANA21_EXPORT_PART18;S4HANA21;https://me.sap.com/softwarecenter/object/0030000001440452021;https://softwaredownloads.sap.com/file/0030000001440452021;EXPORT_PART18;S4CORE106_INST_EXPORT_18.rar;339fc3b6ae55b369ffabbc9d001bf331d831fde7b399ad39bac942b80719102d;s3://launchwizard-<AccountID>/<SAP_PRODUCT_ID>/EXPORT;24.08.23;;
S4HANA21_EXPORT_PART19;S4HANA21;https://me.sap.com/softwarecenter/object/0030000001440472021;https://softwaredownloads.sap.com/file/0030000001440472021;EXPORT_PART19;S4CORE106_INST_EXPORT_19.rar;d2a6628551366e2af1524490381988cfa9c2f6c368458963dc5c45fbd9c4b33d;s3://launchwizard-<AccountID>/<SAP_PRODUCT_ID>/EXPORT;24.08.23;;
S4HANA21_EXPORT_PART20;S4HANA21;https://me.sap.com/softwarecenter/object/0030000001440492021;https://softwaredownloads.sap.com/file/0030000001440492021;EXPORT_PART20;S4CORE106_INST_EXPORT_20.rar;0fbc882160971154e2831394d8c39c1db775872d0ed016ad77186bdbe6270710;s3://launchwizard-<AccountID>/<SAP_PRODUCT_ID>/EXPORT;24.08.23;;
S4HANA21_EXPORT_PART21;S4HANA21;https://me.sap.com/softwarecenter/object/0030000001440502021;https://softwaredownloads.sap.com/file/0030000001440502021;EXPORT_PART21;S4CORE106_INST_EXPORT_21.rar;0c98936c820d488eb2c1a736a7d6eafc205d8dfd7907bf52114b38a62a612f4c;s3://launchwizard-<AccountID>/<SAP_PRODUCT_ID>/EXPORT;24.08.23;;
S4HANA21_EXPORT_PART22;S4HANA21;https://me.sap.com/softwarecenter/object/0030000001440512021;https://softwaredownloads.sap.com/file/0030000001440512021;EXPORT_PART22;S4CORE106_INST_EXPORT_22.rar;30ed829b64f20f1758278ec47a8b577919af68bc6517dbba287e19cce7584e25;s3://launchwizard-<AccountID>/<SAP_PRODUCT_ID>/EXPORT;24.08.23;;
S4HANA21_EXPORT_PART23;S4HANA21;https://me.sap.com/softwarecenter/object/0030000001440532021;https://softwaredownloads.sap.com/file/0030000001440532021;EXPORT_PART23;S4CORE106_INST_EXPORT_23.rar;44ec50e90470da11abfeb019d830eeaacd22d9069566c15a67f65115ac0b990a;s3://launchwizard-<AccountID>/<SAP_PRODUCT_ID>/EXPORT;24.08.23;;
S4HANA21_EXPORT_PART24;S4HANA21;https://me.sap.com/softwarecenter/object/0030000001440542021;https://softwaredownloads.sap.com/file/0030000001440542021;EXPORT_PART24;S4CORE106_INST_EXPORT_24.rar;8c194ed2414583f750fc440f21d3701b4f8914e225fa4931b577b222a3919323;s3://launchwizard-<AccountID>/<SAP_PRODUCT_ID>/EXPORT;24.08.23;;
S4HANA21_EXPORT_PART25;S4HANA21;https://me.sap.com/softwarecenter/object/0030000001440562021;https://softwaredownloads.sap.com/file/0030000001440562021;EXPORT_PART25;S4CORE106_INST_EXPORT_25.rar;09b66e5513577789288586529c892cd5276ee49d5adf3e4b97bfabaab13430e9;s3://launchwizard-<AccountID>/<SAP_PRODUCT_ID>/EXPORT;24.08.23;;
S4HANA21_EXPORT_PART26;S4HANA21;https://me.sap.com/softwarecenter/object/0030000001440572021;https://softwaredownloads.sap.com/file/0030000001440572021;EXPORT_PART26;S4CORE106_INST_EXPORT_26.rar;7d27fcd9ff327bbefdf8acb4748753cbc778f1d0ba5cda3ca224aef535420c80;s3://launchwizard-<AccountID>/<SAP_PRODUCT_ID>/EXPORT;24.08.23;;
S4HANA21_EXPORT_PART27;S4HANA21;https://me.sap.com/softwarecenter/object/0030000001440582021;https://softwaredownloads.sap.com/file/0030000001440582021;EXPORT_PART27;S4CORE106_INST_EXPORT_27.rar;d6a6fcbff9e5215f7c10beb0ed1006aa0da9054c671e86bbcd9342abb60fff22;s3://launchwizard-<AccountID>/<SAP_PRODUCT_ID>/EXPORT;24.08.23;;
S4HANA21_EXPORT_PART28;S4HANA21;https://me.sap.com/softwarecenter/object/0030000001440592021;https://softwaredownloads.sap.com/file/0030000001440592021;EXPORT_PART28;S4CORE106_INST_EXPORT_28.rar;2926277d7aa678403c4f88d42b0f67a259ff689f11cbc13a64e5c2605038d7ac;s3://launchwizard-<AccountID>/<SAP_PRODUCT_ID>/EXPORT;24.08.23;;
S4HANA21_KERNEL_IGSEXE;S4HANA21;https://me.sap.com/softwarecenter/object/0020000000632872023;https://softwaredownloads.sap.com/file/0020000000632872023;KERNEL_IGSEXE;igsexe_3-70005417.sar;c92e7ed27bd33c9e416a45e363032baad84039bf958f4a182e85b099be3fe377;s3://launchwizard-<AccountID>/<SAP_PRODUCT_ID>/KERNEL;24.08.23;26.05.23;SAP-Kernel 789 PL 100 -> IGS 781 PL 3
S4HANA21_KERNEL_IGSHELPER;S4HANA21;https://me.sap.com/softwarecenter/object/0020000000703122018;https://softwaredownloads.sap.com/file/0020000000703122018;KERNEL_IGSHELPER;igshelper_17-10010245.sar - SAP IGS Fonts and Textures;bc405afc4f8221aa1a10a8bc448f8afd9e4e00111100c5544097240c57c99732;s3://launchwizard-<AccountID>/<SAP_PRODUCT_ID>/KERNEL;24.08.23;12.04.18;IGSHELPER LATEST
S4HANA21_KERNEL_SAPEXE;S4HANA21;https://me.sap.com/softwarecenter/object/0020000000254052023;https://softwaredownloads.sap.com/file/0020000000254052023;KERNEL_SAPEXE;SAPEXE_100-70006642.SAR;297dc6b2563f00ced5586bc9007afee29037071ac481398c0f6a0d51c5f1df19;s3://launchwizard-<AccountID>/<SAP_PRODUCT_ID>/KERNEL;24.08.23;02.03.23;SAP-Kernel 789 PL 100 -> IGS 781 PL 3
S4HANA21_KERNEL_SAPEXEDB;S4HANA21;https://me.sap.com/softwarecenter/object/0020000000254022023;https://softwaredownloads.sap.com/file/0020000000254022023;KERNEL_SAPEXEDB;SAPEXEDB_100-70006641.SAR;19c7ed6a502aa7b2ac0b2cef0ff6086ad626679004eb0492887d88b5a4f374d7;s3://launchwizard-<AccountID>/<SAP_PRODUCT_ID>/KERNEL;24.08.23;02.03.23;SAP-Kernel 789 PL 100 -> IGS 781 PL 3
S4HANA21_KERNEL_SAPHOSTAGENT;S4HANA21;https://me.sap.com/softwarecenter/object/0020000000867792023;https://softwaredownloads.sap.com/file/0020000000867792023;KERNEL_SAPHOSTAGENT;SAPHOSTAGENT61_61-80004822.SAR - SAP HOST AGENT 7.22 SP61;280c13ca76d3b2fb1aba5cccdff9b9e3ae7988f6ca5f2553563fd2360dc8f688;s3://launchwizard-<AccountID>/<SAP_PRODUCT_ID>/KERNEL;24.08.23;19.07.23;SAPHOSTAGENT LATEST
S4HANA22_SAPCAR;S4HANA22;https://me.sap.com/softwarecenter/object/0020000000098642022;https://softwaredownloads.sap.com/file/0020000000098642022;SAPCAR;SAPCAR_1115-70006178.EXE;765412436934362cc5497e3d659fbb78be91093a091c11ec4fbe84dfb415a0e5;s3://launchwizard-<AccountID>/<SAP_PRODUCT_ID>/SAPCAR;24.08.23;27.01.22;SAPCAR LATEST
S4HANA22_SWPM;S4HANA22;https://me.sap.com/softwarecenter/object/0020000001167852023;https://softwaredownloads.sap.com/file/0020000001167852023;SWPM;SWPM20SP15_6-80003424.SAR;4b922df6246562aa00518cab4f62cc653c58a828a8d3723a5ce311ccf2127501;s3://launchwizard-<AccountID>/<SAP_PRODUCT_ID>/SWPM;29.09.23;28.09.23;SWPM 2 LATEST
S4HANA22_HANADB;S4HANA22;https://me.sap.com/softwarecenter/object/0030000001256192023;https://softwaredownloads.sap.com/file/0030000001256192023;HANADB;51057281.ZIP - SAP HANA Platform Edt. 2.0 SPS07 rev73 Linux x86_64;613f8819d54d30338a587b486985cdf160a8969e84a445e8cacdfa3540025371;s3://launchwizard-<AccountID>/<SAP_PRODUCT_ID>/HANADB;23.10.23;17.10.23;HANA LATEST
S4HANA22_HANACLIENT;S4HANA22;https://me.sap.com/softwarecenter/object/0020000000516362023;https://softwaredownloads.sap.com/file/0020000000516362023;HANACLIENT;IMDB_CLIENT20_016_26-80002082.SAR - SAP HANA CLient 2.16;d238143b22ab5976221ab7d89b097690dd7af9fc75445c1f78eeb7196c569ca4;s3://launchwizard-<AccountID>/<SAP_PRODUCT_ID>/HANADBCLIENT;24.08.23;28.04.23;HANA CLIENT LATEST
S4HANA22_EXPORT_PART1;S4HANA22;https://me.sap.com/softwarecenter/object/0030000001314832022;https://softwaredownloads.sap.com/file/0030000001314832022;EXPORT_PART1;S4CORE107_INST_EXPORT_1.zip;5aad867d61cf19cb5b6a4b28c1b531a90dfd783fc974f9fb9a11afab2f68b16b;s3://launchwizard-<AccountID>/<SAP_PRODUCT_ID>/EXPORT;24.08.23;;
S4HANA22_EXPORT_PART2;S4HANA22;https://me.sap.com/softwarecenter/object/0030000001314982022;https://softwaredownloads.sap.com/file/0030000001314982022;EXPORT_PART2;S4CORE107_INST_EXPORT_2.rar;d9fc0f8ff388e0efad47f6ded3c6ac353314d2fbb03ed3cf775fd30a69c129aa;s3://launchwizard-<AccountID>/<SAP_PRODUCT_ID>/EXPORT;24.08.23;;
S4HANA22_EXPORT_PART3;S4HANA22;https://me.sap.com/softwarecenter/object/0030000001315202022;https://softwaredownloads.sap.com/file/0030000001315202022;EXPORT_PART3;S4CORE107_INST_EXPORT_3.rar;b9e423890536c27dfc5398fe8691a77848bd9d13797635ccfc344ec627dd2e24;s3://launchwizard-<AccountID>/<SAP_PRODUCT_ID>/EXPORT;24.08.23;;
S4HANA22_EXPORT_PART4;S4HANA22;https://me.sap.com/softwarecenter/object/0030000001315222022;https://softwaredownloads.sap.com/file/0030000001315222022;EXPORT_PART4;S4CORE107_INST_EXPORT_4.rar;9ba50e9cceb6cff8e343d716caab8866a5529579ab642b8c7354259cf80a0767;s3://launchwizard-<AccountID>/<SAP_PRODUCT_ID>/EXPORT;24.08.23;;
S4HANA22_EXPORT_PART5;S4HANA22;https://me.sap.com/softwarecenter/object/0030000001315232022;https://softwaredownloads.sap.com/file/0030000001315232022;EXPORT_PART5;S4CORE107_INST_EXPORT_5.rar;3341bcaef84519ef5aefc077296935e15f1ec6167cc076238183de3c81dcb8ae;s3://launchwizard-<AccountID>/<SAP_PRODUCT_ID>/EXPORT;24.08.23;;
S4HANA22_EXPORT_PART6;S4HANA22;https://me.sap.com/softwarecenter/object/0030000001315252022;https://softwaredownloads.sap.com/file/0030000001315252022;EXPORT_PART6;S4CORE107_INST_EXPORT_6.rar;da705d7e9cd81e7e9d40b967768e6352675f843389801ea94b4939f223d0524f;s3://launchwizard-<AccountID>/<SAP_PRODUCT_ID>/EXPORT;24.08.23;;
S4HANA22_EXPORT_PART7;S4HANA22;https://me.sap.com/softwarecenter/object/0030000001315292022;https://softwaredownloads.sap.com/file/0030000001315292022;EXPORT_PART7;S4CORE107_INST_EXPORT_7.rar;86b72a759114c99d99f92d9b5b49a38c340ed1cdbdda89713c4af3194eadd961;s3://launchwizard-<AccountID>/<SAP_PRODUCT_ID>/EXPORT;24.08.23;;
S4HANA22_EXPORT_PART8;S4HANA22;https://me.sap.com/softwarecenter/object/0030000001315312022;https://softwaredownloads.sap.com/file/0030000001315312022;EXPORT_PART8;S4CORE107_INST_EXPORT_8.rar;ae563c913d70f702af7ef27f9a8c4664ee4796815e0c4754499eb174534649e0;s3://launchwizard-<AccountID>/<SAP_PRODUCT_ID>/EXPORT;24.08.23;;
S4HANA22_EXPORT_PART9;S4HANA22;https://me.sap.com/softwarecenter/object/0030000001326492022;https://softwaredownloads.sap.com/file/0030000001326492022;EXPORT_PART9;S4CORE107_INST_EXPORT_9.rar;c4bd746054e633be73ff2cb910bfecd68ac7c0a5016c674c7b3111df5a728ac7;s3://launchwizard-<AccountID>/<SAP_PRODUCT_ID>/EXPORT;24.08.23;;
S4HANA22_EXPORT_PART10;S4HANA22;https://me.sap.com/softwarecenter/object/0030000001314842022;https://softwaredownloads.sap.com/file/0030000001314842022;EXPORT_PART10;S4CORE107_INST_EXPORT_10.rar;f92ae9350955df3662ac4bb6d1a1d86fb0d91de5e694cd1420de31f84a01c103;s3://launchwizard-<AccountID>/<SAP_PRODUCT_ID>/EXPORT;24.08.23;;
S4HANA22_EXPORT_PART11;S4HANA22;https://me.sap.com/softwarecenter/object/0030000001314852022;https://softwaredownloads.sap.com/file/0030000001314852022;EXPORT_PART11;S4CORE107_INST_EXPORT_11.rar;041b1520b2894c434932e17202871b1f82cf0748bb6205c17c0b84c8f33bd8d6;s3://launchwizard-<AccountID>/<SAP_PRODUCT_ID>/EXPORT;24.08.23;;
S4HANA22_EXPORT_PART12;S4HANA22;https://me.sap.com/softwarecenter/object/0030000001314862022;https://softwaredownloads.sap.com/file/0030000001314862022;EXPORT_PART12;S4CORE107_INST_EXPORT_12.rar;c6275415035b1fe0deea3eff4e23357fd7eca90c094741907805281a8e18628f;s3://launchwizard-<AccountID>/<SAP_PRODUCT_ID>/EXPORT;24.08.23;;
S4HANA22_EXPORT_PART13;S4HANA22;https://me.sap.com/softwarecenter/object/0030000001314882022;https://softwaredownloads.sap.com/file/0030000001314882022;EXPORT_PART13;S4CORE107_INST_EXPORT_13.rar;2e8f02a639e810e5b688dce7a1e3511e4358e1ccfe020f752f0588876a3bb462;s3://launchwizard-<AccountID>/<SAP_PRODUCT_ID>/EXPORT;24.08.23;;
S4HANA22_EXPORT_PART14;S4HANA22;https://me.sap.com/softwarecenter/object/0030000001314892022;https://softwaredownloads.sap.com/file/0030000001314892022;EXPORT_PART14;S4CORE107_INST_EXPORT_14.rar;b016046dc9b4fc3a3f0cee50c36c9110d93715da3e451dbf2d40599d36b4ae11;s3://launchwizard-<AccountID>/<SAP_PRODUCT_ID>/EXPORT;24.08.23;;
S4HANA22_EXPORT_PART15;S4HANA22;https://me.sap.com/softwarecenter/object/0030000001314902022;https://softwaredownloads.sap.com/file/0030000001314902022;EXPORT_PART15;S4CORE107_INST_EXPORT_15.rar;3af1414635b29d0c1d82a8d7425f1ad44858f334c4ac425029aa8972691111c7;s3://launchwizard-<AccountID>/<SAP_PRODUCT_ID>/EXPORT;24.08.23;;
S4HANA22_EXPORT_PART16;S4HANA22;https://me.sap.com/softwarecenter/object/0030000001314912022;https://softwaredownloads.sap.com/file/0030000001314912022;EXPORT_PART16;S4CORE107_INST_EXPORT_16.rar;dad2dc88e6a329f039227cdf48b9985d09dd2263f6c9f3904fc9fccee07787c7;s3://launchwizard-<AccountID>/<SAP_PRODUCT_ID>/EXPORT;24.08.23;;
S4HANA22_EXPORT_PART17;S4HANA22;https://me.sap.com/softwarecenter/object/0030000001314932022;https://softwaredownloads.sap.com/file/0030000001314932022;EXPORT_PART17;S4CORE107_INST_EXPORT_17.rar;fd87ebfe1196159eca3a53b4c0ffa48912602b3e5db6f17f7b091755bfca0ffc;s3://launchwizard-<AccountID>/<SAP_PRODUCT_ID>/EXPORT;24.08.23;;
S4HANA22_EXPORT_PART18;S4HANA22;https://me.sap.com/softwarecenter/object/0030000001314952022;https://softwaredownloads.sap.com/file/0030000001314952022;EXPORT_PART18;S4CORE107_INST_EXPORT_18.rar;9ab7634901b1357f45c7677f16f6e9c51ba4c0b69cdddc8ff0605ac8e1e81fb1;s3://launchwizard-<AccountID>/<SAP_PRODUCT_ID>/EXPORT;24.08.23;;
S4HANA22_EXPORT_PART19;S4HANA22;https://me.sap.com/softwarecenter/object/0030000001314962022;https://softwaredownloads.sap.com/file/0030000001314962022;EXPORT_PART19;S4CORE107_INST_EXPORT_19.rar;9889c7185bc649370067bff6aa8fc9584bc927e6252a1b359f6bb8abb59b4365;s3://launchwizard-<AccountID>/<SAP_PRODUCT_ID>/EXPORT;24.08.23;;
S4HANA22_EXPORT_PART20;S4HANA22;https://me.sap.com/softwarecenter/object/0030000001315022022;https://softwaredownloads.sap.com/file/0030000001315022022;EXPORT_PART20;S4CORE107_INST_EXPORT_20.rar;53434047e264c8e119cdf5656e6e09895b22d2610ba4c27a55922671e60faf1d;s3://launchwizard-<AccountID>/<SAP_PRODUCT_ID>/EXPORT;24.08.23;;
S4HANA22_EXPORT_PART21;S4HANA22;https://me.sap.com/softwarecenter/object/0030000001315042022;https://softwaredownloads.sap.com/file/0030000001315042022;EXPORT_PART21;S4CORE107_INST_EXPORT_21.rar;7eb5e78fb9ffe75ffde35a2d64abbbdb2022bca0ca87dd8985419652c0e2439f;s3://launchwizard-<AccountID>/<SAP_PRODUCT_ID>/EXPORT;24.08.23;;
S4HANA22_EXPORT_PART22;S4HANA22;https://me.sap.com/softwarecenter/object/0030000001315052022;https://softwaredownloads.sap.com/file/0030000001315052022;EXPORT_PART22;S4CORE107_INST_EXPORT_22.rar;d8e1a9539db3a78b66989d99a0bf65d6e7381318a284e901b9a2e02536ce92c9;s3://launchwizard-<AccountID>/<SAP_PRODUCT_ID>/EXPORT;24.08.23;;
S4HANA22_EXPORT_PART23;S4HANA22;https://me.sap.com/softwarecenter/object/0030000001315062022;https://softwaredownloads.sap.com/file/0030000001315062022;EXPORT_PART23;S4CORE107_INST_EXPORT_23.rar;54a4e6a6b50ac4a7de3a1bc37210f6051707032c9e8618ab2c52c7cd38755d02;s3://launchwizard-<AccountID>/<SAP_PRODUCT_ID>/EXPORT;24.08.23;;
S4HANA22_EXPORT_PART24;S4HANA22;https://me.sap.com/softwarecenter/object/0030000001315072022;https://softwaredownloads.sap.com/file/0030000001315072022;EXPORT_PART24;S4CORE107_INST_EXPORT_24.rar;a30de08c368b0c0a0ed621ecd59cbd98877c82b4656566d51c0da831476f766c;s3://launchwizard-<AccountID>/<SAP_PRODUCT_ID>/EXPORT;24.08.23;;
S4HANA22_EXPORT_PART25;S4HANA22;https://me.sap.com/softwarecenter/object/0030000001315102022;https://softwaredownloads.sap.com/file/0030000001315102022;EXPORT_PART25;S4CORE107_INST_EXPORT_25.rar;82fe9b2dca00fde5efe9e190009a2f3462ecf31f9a76d958bf778f2216173ab2;s3://launchwizard-<AccountID>/<SAP_PRODUCT_ID>/EXPORT;24.08.23;;
S4HANA22_EXPORT_PART26;S4HANA22;https://me.sap.com/softwarecenter/object/0030000001315142022;https://softwaredownloads.sap.com/file/0030000001315142022;EXPORT_PART26;S4CORE107_INST_EXPORT_26.rar;af6e71648328d6d1926ef99279a7f23a842a6aeda19e3840ebd8d76b47754193;s3://launchwizard-<AccountID>/<SAP_PRODUCT_ID>/EXPORT;24.08.23;;
S4HANA22_EXPORT_PART27;S4HANA22;https://me.sap.com/softwarecenter/object/0030000001315152022;https://softwaredownloads.sap.com/file/0030000001315152022;EXPORT_PART27;S4CORE107_INST_EXPORT_27.rar;9b6089c57bdfef0a2c2d97b2a8d12ffec7712be96b981dc33a0dee7a957800bb;s3://launchwizard-<AccountID>/<SAP_PRODUCT_ID>/EXPORT;24.08.23;;
S4HANA22_EXPORT_PART28;S4HANA22;https://me.sap.com/softwarecenter/object/0030000001315162022;https://softwaredownloads.sap.com/file/0030000001315162022;EXPORT_PART28;S4CORE107_INST_EXPORT_28.rar;007db0d5d8e11c567f738e52cfacedd61f3336bca0cc7db69f8f8f73fa0ab4dc;s3://launchwizard-<AccountID>/<SAP_PRODUCT_ID>/EXPORT;24.08.23;;
S4HANA22_EXPORT_PART29;S4HANA22;https://me.sap.com/softwarecenter/object/0030000001315192022;https://softwaredownloads.sap.com/file/0030000001315192022;EXPORT_PART29;S4CORE107_INST_EXPORT_29.rar;4d9e40c334208aef81c3f16a2fe2f2619956ffcae61bef27f5a85c9d2afe6a7b;s3://launchwizard-<AccountID>/<SAP_PRODUCT_ID>/EXPORT;24.08.23;;
S4HANA22_EXPORT_PART30;S4HANA22;https://me.sap.com/softwarecenter/object/0030000001315332022;https://softwaredownloads.sap.com/file/0030000001315332022;EXPORT_PART30;S4CORE107_INST_EXPORT_30.rar;5fa413b55ea5ae113a3c0914488c4035aacedba8fbe57900cdc6f5eb1c8f9b3f;s3://launchwizard-<AccountID>/<SAP_PRODUCT_ID>/EXPORT;24.08.23;;
S4HANA22_KERNEL_IGSEXE;S4HANA22;https://me.sap.com/softwarecenter/object/0020000000632872023;https://softwaredownloads.sap.com/file/0020000000632872023;KERNEL_IGSEXE;igsexe_3-70005417.sar;c92e7ed27bd33c9e416a45e363032baad84039bf958f4a182e85b099be3fe377;s3://launchwizard-<AccountID>/<SAP_PRODUCT_ID>/KERNEL;24.08.23;26.05.23;SAP-Kernel 789 PL 100 -> IGS 781 PL 3
S4HANA22_KERNEL_IGSHELPER;S4HANA22;https://me.sap.com/softwarecenter/object/0020000000703122018;https://softwaredownloads.sap.com/file/0020000000703122018;KERNEL_IGSHELPER;igshelper_17-10010245.sar - SAP IGS Fonts and Textures;bc405afc4f8221aa1a10a8bc448f8afd9e4e00111100c5544097240c57c99732;s3://launchwizard-<AccountID>/<SAP_PRODUCT_ID>/KERNEL;24.08.23;12.04.18;IGSHELPER LATEST
S4HANA22_KERNEL_SAPEXE;S4HANA22;https://me.sap.com/softwarecenter/object/0020000000254052023;https://softwaredownloads.sap.com/file/0020000000254052023;KERNEL_SAPEXE;SAPEXE_100-70006642.SAR;297dc6b2563f00ced5586bc9007afee29037071ac481398c0f6a0d51c5f1df19;s3://launchwizard-<AccountID>/<SAP_PRODUCT_ID>/KERNEL;24.08.23;02.03.23;SAP-Kernel 789 PL 100 -> IGS 781 PL 3
S4HANA22_KERNEL_SAPEXEDB;S4HANA22;https://me.sap.com/softwarecenter/object/0020000000254022023;https://softwaredownloads.sap.com/file/0020000000254022023;KERNEL_SAPEXEDB;SAPEXEDB_100-70006641.SAR;19c7ed6a502aa7b2ac0b2cef0ff6086ad626679004eb0492887d88b5a4f374d7;s3://launchwizard-<AccountID>/<SAP_PRODUCT_ID>/KERNEL;24.08.23;02.03.23;SAP-Kernel 789 PL 100 -> IGS 781 PL 3
S4HANA22_KERNEL_SAPHOSTAGENT;S4HANA22;https://me.sap.com/softwarecenter/object/0020000000867792023;https://softwaredownloads.sap.com/file/0020000000867792023;KERNEL_SAPHOSTAGENT;SAPHOSTAGENT61_61-80004822.SAR - SAP HOST AGENT 7.22 SP61;280c13ca76d3b2fb1aba5cccdff9b9e3ae7988f6ca5f2553563fd2360dc8f688;s3://launchwizard-<AccountID>/<SAP_PRODUCT_ID>/KERNEL;24.08.23;19.07.23;SAPHOSTAGENT LATEST
S4HANA21_FOUNDATIONS_SAPCAR;S4HANA21_FND;https://me.sap.com/softwarecenter/object/0020000000098642022;https://softwaredownloads.sap.com/file/0020000000098642022;SAPCAR;SAPCAR_1115-70006178.EXE;765412436934362cc5497e3d659fbb78be91093a091c11ec4fbe84dfb415a0e5;s3://launchwizard-<AccountID>/<SAP_PRODUCT_ID>/SAPCAR;24.08.23;27.01.22;SAPCAR LATEST
S4HANA21_FOUNDATIONS_SWPM;S4HANA21_FND;https://me.sap.com/softwarecenter/object/0020000001167852023;https://softwaredownloads.sap.com/file/0020000001167852023;SWPM;SWPM20SP15_6-80003424.SAR;4b922df6246562aa00518cab4f62cc653c58a828a8d3723a5ce311ccf2127501;s3://launchwizard-<AccountID>/<SAP_PRODUCT_ID>/SWPM;29.09.23;28.09.23;SWPM 2 LATEST
S4HANA21_FOUNDATIONS_HANADB;S4HANA21_FND;https://me.sap.com/softwarecenter/object/0030000001256192023;https://softwaredownloads.sap.com/file/0030000001256192023;HANADB;51057281.ZIP - SAP HANA Platform Edt. 2.0 SPS07 rev73 Linux x86_64;613f8819d54d30338a587b486985cdf160a8969e84a445e8cacdfa3540025371;s3://launchwizard-<AccountID>/<SAP_PRODUCT_ID>/HANADB;23.10.23;17.10.23;HANA LATEST
S4HANA21_FOUNDATIONS_HANACLIENT;S4HANA21_FND;https://me.sap.com/softwarecenter/object/0020000000516362023;https://softwaredownloads.sap.com/file/0020000000516362023;HANACLIENT;IMDB_CLIENT20_016_26-80002082.SAR - SAP HANA CLient 2.16;d238143b22ab5976221ab7d89b097690dd7af9fc75445c1f78eeb7196c569ca4;s3://launchwizard-<AccountID>/<SAP_PRODUCT_ID>/HANADBCLIENT;24.08.23;28.04.23;HANA CLIENT LATEST
S4HANA21_FOUNDATIONS_EXPORT_PART1;S4HANA21_FND;https://me.sap.com/softwarecenter/object/0030000001438792021;https://softwaredownloads.sap.com/file/0030000001438792021;EXPORT_PART1;S4FND106_INST_EXPORT_1.zip;aadb3c749e07757af51bd2644b1bf9732d00e07b08f25ab6ebe8e51863a0c379;s3://launchwizard-<AccountID>/<SAP_PRODUCT_ID>/EXPORT;24.08.23;;
S4HANA21_FOUNDATIONS_EXPORT_PART2;S4HANA21_FND;https://me.sap.com/softwarecenter/object/0030000001438802021;https://softwaredownloads.sap.com/file/0030000001438802021;EXPORT_PART2;S4FND106_INST_EXPORT_2.zip;9e3c847b54f7a9d4b2caa2b45b2400406bbad76e52867310231818d0371a3580;s3://launchwizard-<AccountID>/<SAP_PRODUCT_ID>/EXPORT;24.08.23;;
S4HANA21_FOUNDATIONS_EXPORT_PART3;S4HANA21_FND;https://me.sap.com/softwarecenter/object/0030000001438812021;https://softwaredownloads.sap.com/file/0030000001438812021;EXPORT_PART3;S4FND106_INST_EXPORT_3.zip;c7f12dc6bbf694e41eccc1ec57a6ff3887f671a3786736dafb6197d29ecbf406;s3://launchwizard-<AccountID>/<SAP_PRODUCT_ID>/EXPORT;24.08.23;;
S4HANA21_FOUNDATIONS_EXPORT_PART4;S4HANA21_FND;https://me.sap.com/softwarecenter/object/0030000001438822021;https://softwaredownloads.sap.com/file/0030000001438822021;EXPORT_PART4;S4FND106_INST_EXPORT_4.zip;541e4d37588d96d3b0eb2b50fb041c48e235cdd9c9749631a69c40ebcbd2081c;s3://launchwizard-<AccountID>/<SAP_PRODUCT_ID>/EXPORT;24.08.23;;
S4HANA21_FOUNDATIONS_EXPORT_PART5;S4HANA21_FND;https://me.sap.com/softwarecenter/object/0030000001438832021;https://softwaredownloads.sap.com/file/0030000001438832021;EXPORT_PART5;S4FND106_INST_EXPORT_5.zip;a2fa4100ee2cedee00065e47f7fd679bb5b409ec0751aa75be2f57d4d4b51662;s3://launchwizard-<AccountID>/<SAP_PRODUCT_ID>/EXPORT;24.08.23;;
S4HANA21_FOUNDATIONS_EXPORT_PART6;S4HANA21_FND;https://me.sap.com/softwarecenter/object/0030000001438862021;https://softwaredownloads.sap.com/file/0030000001438862021;EXPORT_PART6;S4FND106_INST_EXPORT_6.zip;bc641f4a6fdadbb51df4b48cdeb38900860b9c2cada0e6ff10a7291369dd6faf;s3://launchwizard-<AccountID>/<SAP_PRODUCT_ID>/EXPORT;24.08.23;;
S4HANA21_FOUNDATIONS_EXPORT_PART7;S4HANA21_FND;https://me.sap.com/softwarecenter/object/0030000001438872021;https://softwaredownloads.sap.com/file/0030000001438872021;EXPORT_PART7;S4FND106_INST_EXPORT_7.zip;efaee433f1877b81206c652d8abd63692fef8df0366527dcf8595004055ef763;s3://launchwizard-<AccountID>/<SAP_PRODUCT_ID>/EXPORT;24.08.23;;
S4HANA21_FOUNDATIONS_EXPORT_PART8;S4HANA21_FND;https://me.sap.com/softwarecenter/object/0030000001438882021;https://softwaredownloads.sap.com/file/0030000001438882021;EXPORT_PART8;S4FND106_INST_EXPORT_8.zip;6d63f5e66ba7a2e4fcdfce4a4f55345718c282854821877d7b54026c271377c6;s3://launchwizard-<AccountID>/<SAP_PRODUCT_ID>/EXPORT;24.08.23;;
S4HANA21_FOUNDATIONS_KERNEL_IGSEXE;S4HANA21_FND;https://me.sap.com/softwarecenter/object/0020000000632872023;https://softwaredownloads.sap.com/file/0020000000632872023;KERNEL_IGSEXE;igsexe_3-70005417.sar;c92e7ed27bd33c9e416a45e363032baad84039bf958f4a182e85b099be3fe377;s3://launchwizard-<AccountID>/<SAP_PRODUCT_ID>/KERNEL;24.08.23;26.05.23;SAP-Kernel 789 PL 100 -> IGS 781 PL 3
S4HANA21_FOUNDATIONS_KERNEL_IGSHELPER;S4HANA21_FND;https://me.sap.com/softwarecenter/object/0020000000703122018;https://softwaredownloads.sap.com/file/0020000000703122018;KERNEL_IGSHELPER;igshelper_17-10010245.sar - SAP IGS Fonts and Textures;bc405afc4f8221aa1a10a8bc448f8afd9e4e00111100c5544097240c57c99732;s3://launchwizard-<AccountID>/<SAP_PRODUCT_ID>/KERNEL;24.08.23;12.04.18;IGSHELPER LATEST
S4HANA21_FOUNDATIONS_KERNEL_SAPEXE;S4HANA21_FND;https://me.sap.com/softwarecenter/object/0020000000254052023;https://softwaredownloads.sap.com/file/0020000000254052023;KERNEL_SAPEXE;SAPEXE_100-70006642.SAR;297dc6b2563f00ced5586bc9007afee29037071ac481398c0f6a0d51c5f1df19;s3://launchwizard-<AccountID>/<SAP_PRODUCT_ID>/KERNEL;24.08.23;02.03.23;SAP-Kernel 789 PL 100 -> IGS 781 PL 3
S4HANA21_FOUNDATIONS_KERNEL_SAPEXEDB;S4HANA21_FND;https://me.sap.com/softwarecenter/object/0020000000254022023;https://softwaredownloads.sap.com/file/0020000000254022023;KERNEL_SAPEXEDB;SAPEXEDB_100-70006641.SAR;19c7ed6a502aa7b2ac0b2cef0ff6086ad626679004eb0492887d88b5a4f374d7;s3://launchwizard-<AccountID>/<SAP_PRODUCT_ID>/KERNEL;24.08.23;02.03.23;SAP-Kernel 789 PL 100 -> IGS 781 PL 3
S4HANA21_FOUNDATIONS_KERNEL_SAPHOSTAGENT;S4HANA21_FND;https://me.sap.com/softwarecenter/object/0020000000867792023;https://softwaredownloads.sap.com/file/0020000000867792023;KERNEL_SAPHOSTAGENT;SAPHOSTAGENT61_61-80004822.SAR - SAP HOST AGENT 7.22 SP61;280c13ca76d3b2fb1aba5cccdff9b9e3ae7988f6ca5f2553563fd2360dc8f688;s3://launchwizard-<AccountID>/<SAP_PRODUCT_ID>/KERNEL;24.08.23;19.07.23;SAPHOSTAGENT LATEST
S4HANA22_FOUNDATIONS_SAPCAR;S4HANA22_FND;https://me.sap.com/softwarecenter/object/0020000000098642022;https://softwaredownloads.sap.com/file/0020000000098642022;SAPCAR;SAPCAR_1115-70006178.EXE;765412436934362cc5497e3d659fbb78be91093a091c11ec4fbe84dfb415a0e5;s3://launchwizard-<AccountID>/<SAP_PRODUCT_ID>/SAPCAR;24.08.23;27.01.22;SAPCAR LATEST
S4HANA22_FOUNDATIONS_SWPM;S4HANA22_FND;https://me.sap.com/softwarecenter/object/0020000001167852023;https://softwaredownloads.sap.com/file/0020000001167852023;SWPM;SWPM20SP15_6-80003424.SAR;4b922df6246562aa00518cab4f62cc653c58a828a8d3723a5ce311ccf2127501;s3://launchwizard-<AccountID>/<SAP_PRODUCT_ID>/SWPM;29.09.23;28.09.23;SWPM 2 LATEST
S4HANA22_FOUNDATIONS_HANADB;S4HANA22_FND;https://me.sap.com/softwarecenter/object/0030000001256192023;https://softwaredownloads.sap.com/file/0030000001256192023;HANADB;51057281.ZIP - SAP HANA Platform Edt. 2.0 SPS07 rev73 Linux x86_64;613f8819d54d30338a587b486985cdf160a8969e84a445e8cacdfa3540025371;s3://launchwizard-<AccountID>/<SAP_PRODUCT_ID>/HANADB;23.10.23;17.10.23;HANA LATEST
S4HANA22_FOUNDATIONS_HANACLIENT;S4HANA22_FND;https://me.sap.com/softwarecenter/object/0020000000516362023;https://softwaredownloads.sap.com/file/0020000000516362023;HANACLIENT;IMDB_CLIENT20_016_26-80002082.SAR - SAP HANA CLient 2.16;d238143b22ab5976221ab7d89b097690dd7af9fc75445c1f78eeb7196c569ca4;s3://launchwizard-<AccountID>/<SAP_PRODUCT_ID>/HANADBCLIENT;24.08.23;28.04.23;HANA CLIENT LATEST
S4HANA22_FOUNDATIONS_EXPORT_PART1;S4HANA22_FND;https://me.sap.com/softwarecenter/object/0030000001310152022;https://softwaredownloads.sap.com/file/0030000001310152022;EXPORT_PART1;S4FND107_INST_EXPORT_1.zip;56a6edd18c7ee766c9c126b7b98de24bcba4b488f2aed10d060732be8ce8bd7b;s3://launchwizard-<AccountID>/<SAP_PRODUCT_ID>/EXPORT;24.08.23;;
S4HANA22_FOUNDATIONS_EXPORT_PART2;S4HANA22_FND;https://me.sap.com/softwarecenter/object/0030000001310162022;https://softwaredownloads.sap.com/file/0030000001310162022;EXPORT_PART2;S4FND107_INST_EXPORT_2.zip;0217868e4a1299c21cb59909a398219878f061b434cb65ab03ca4c7a0056f17e;s3://launchwizard-<AccountID>/<SAP_PRODUCT_ID>/EXPORT;24.08.23;;
S4HANA22_FOUNDATIONS_EXPORT_PART3;S4HANA22_FND;https://me.sap.com/softwarecenter/object/0030000001310182022;https://softwaredownloads.sap.com/file/0030000001310182022;EXPORT_PART3;S4FND107_INST_EXPORT_3.zip;38c7fea39c8579f98e3217e42ba87a2c44181209d67916dd427596e8a565123a;s3://launchwizard-<AccountID>/<SAP_PRODUCT_ID>/EXPORT;24.08.23;;
S4HANA22_FOUNDATIONS_EXPORT_PART4;S4HANA22_FND;https://me.sap.com/softwarecenter/object/0030000001310192022;https://softwaredownloads.sap.com/file/0030000001310192022;EXPORT_PART4;S4FND107_INST_EXPORT_4.zip;03cc360fb8bc515307f758790858930a09dfd8262ab4da0ae31f61d7139ff730;s3://launchwizard-<AccountID>/<SAP_PRODUCT_ID>/EXPORT;24.08.23;;
S4HANA22_FOUNDATIONS_EXPORT_PART5;S4HANA22_FND;https://me.sap.com/softwarecenter/object/0030000001310212022;https://softwaredownloads.sap.com/file/0030000001310212022;EXPORT_PART5;S4FND107_INST_EXPORT_5.zip;b946c382cf40625f44f4f17b594f2050f6525a83946ac13d9b4cfea0e47b91eb;s3://launchwizard-<AccountID>/<SAP_PRODUCT_ID>/EXPORT;24.08.23;;
S4HANA22_FOUNDATIONS_EXPORT_PART6;S4HANA22_FND;https://me.sap.com/softwarecenter/object/0030000001310222022;https://softwaredownloads.sap.com/file/0030000001310222022;EXPORT_PART6;S4FND107_INST_EXPORT_6.zip;4ca7c8cfc184e518daf7c01482ea7b20ae5b91bbd1f34e1b8a2bf5c80a13b87b;s3://launchwizard-<AccountID>/<SAP_PRODUCT_ID>/EXPORT;24.08.23;;
S4HANA22_FOUNDATIONS_EXPORT_PART7;S4HANA22_FND;https://me.sap.com/softwarecenter/object/0030000001310272022;https://softwaredownloads.sap.com/file/0030000001310272022;EXPORT_PART7;S4FND107_INST_EXPORT_7.zip;12f110dbe70c1bc50276d5a20715a93aef2a66749e17667535380919794c4b90;s3://launchwizard-<AccountID>/<SAP_PRODUCT_ID>/EXPORT;24.08.23;;
S4HANA22_FOUNDATIONS_EXPORT_PART8;S4HANA22_FND;https://me.sap.com/softwarecenter/object/0030000001310292022;https://softwaredownloads.sap.com/file/0030000001310292022;EXPORT_PART8;S4FND107_INST_EXPORT_8.zip;fe60f51145f8e148bece4763b096aeea5af21b50840d761ee4ee717e3347342c;s3://launchwizard-<AccountID>/<SAP_PRODUCT_ID>/EXPORT;24.08.23;;
S4HANA22_FOUNDATIONS_EXPORT_PART9;S4HANA22_FND;https://me.sap.com/softwarecenter/object/0030000001310302022;https://softwaredownloads.sap.com/file/0030000001310302022;EXPORT_PART9;S4FND107_INST_EXPORT_9.zip;08d38e9fac481f2f920c27ace1248501aeed4c96e33f2e1b0bcde87b1298738f;s3://launchwizard-<AccountID>/<SAP_PRODUCT_ID>/EXPORT;24.08.23;;
S4HANA22_FOUNDATIONS_KERNEL_IGSEXE;S4HANA22_FND;https://me.sap.com/softwarecenter/object/0020000000632872023;https://softwaredownloads.sap.com/file/0020000000632872023;KERNEL_IGSEXE;igsexe_3-70005417.sar;c92e7ed27bd33c9e416a45e363032baad84039bf958f4a182e85b099be3fe377;s3://launchwizard-<AccountID>/<SAP_PRODUCT_ID>/KERNEL;24.08.23;26.05.23;SAP-Kernel 789 PL 100 -> IGS 781 PL 3
S4HANA22_FOUNDATIONS_KERNEL_IGSHELPER;S4HANA22_FND;https://me.sap.com/softwarecenter/object/0020000000703122018;https://softwaredownloads.sap.com/file/0020000000703122018;KERNEL_IGSHELPER;igshelper_17-10010245.sar - SAP IGS Fonts and Textures;bc405afc4f8221aa1a10a8bc448f8afd9e4e00111100c5544097240c57c99732;s3://launchwizard-<AccountID>/<SAP_PRODUCT_ID>/KERNEL;24.08.23;12.04.18;IGSHELPER LATEST
S4HANA22_FOUNDATIONS_KERNEL_SAPEXE;S4HANA22_FND;https://me.sap.com/softwarecenter/object/0020000000254052023;https://softwaredownloads.sap.com/file/0020000000254052023;KERNEL_SAPEXE;SAPEXE_100-70006642.SAR;297dc6b2563f00ced5586bc9007afee29037071ac481398c0f6a0d51c5f1df19;s3://launchwizard-<AccountID>/<SAP_PRODUCT_ID>/KERNEL;24.08.23;02.03.23;SAP-Kernel 789 PL 100 -> IGS 781 PL 3
S4HANA22_FOUNDATIONS_KERNEL_SAPEXEDB;S4HANA22_FND;https://me.sap.com/softwarecenter/object/0020000000254022023;https://softwaredownloads.sap.com/file/0020000000254022023;KERNEL_SAPEXEDB;SAPEXEDB_100-70006641.SAR;19c7ed6a502aa7b2ac0b2cef0ff6086ad626679004eb0492887d88b5a4f374d7;s3://launchwizard-<AccountID>/<SAP_PRODUCT_ID>/KERNEL;24.08.23;02.03.23;SAP-Kernel 789 PL 100 -> IGS 781 PL 3
S4HANA22_FOUNDATIONS_KERNEL_SAPHOSTAGENT;S4HANA22_FND;https://me.sap.com/softwarecenter/object/0020000000867792023;https://softwaredownloads.sap.com/file/0020000000867792023;KERNEL_SAPHOSTAGENT;SAPHOSTAGENT61_61-80004822.SAR - SAP HOST AGENT 7.22 SP61;280c13ca76d3b2fb1aba5cccdff9b9e3ae7988f6ca5f2553563fd2360dc8f688;s3://launchwizard-<AccountID>/<SAP_PRODUCT_ID>/KERNEL;24.08.23;19.07.23;SAPHOSTAGENT LATEST
SOLMAN72_SAPCAR;SOLMAN72;https://me.sap.com/softwarecenter/object/0020000000098642022;https://softwaredownloads.sap.com/file/0020000000098642022;SAPCAR;SAPCAR_1115-70006178.EXE;765412436934362cc5497e3d659fbb78be91093a091c11ec4fbe84dfb415a0e5;s3://launchwizard-<AccountID>/<SAP_PRODUCT_ID>/SAPCAR;24.08.23;27.01.22;SAPCAR LATEST
SOLMAN72_SWPM;SOLMAN72;https://me.sap.com/softwarecenter/object/0020000001168142023;https://softwaredownloads.sap.com/file/0020000001168142023;SWPM;SWPM10SP38_5-20009701.SAR;d6852bbc281770a40679ac527dd993a374ddc51f7ca222100ce280235772ac77;s3://launchwizard-<AccountID>/<SAP_PRODUCT_ID>/SWPM;29.09.23;28.09.23;SWPM 1 LATEST
SOLMAN72_HANADB;SOLMAN72;https://me.sap.com/softwarecenter/object/0030000001256192023;https://softwaredownloads.sap.com/file/0030000001256192023;HANADB;51057281.ZIP - SAP HANA Platform Edt. 2.0 SPS07 rev73 Linux x86_64;613f8819d54d30338a587b486985cdf160a8969e84a445e8cacdfa3540025371;s3://launchwizard-<AccountID>/<SAP_PRODUCT_ID>/HANADB;23.10.23;17.10.23;HANA LATEST
SOLMAN72_HANACLIENT;SOLMAN72;https://me.sap.com/softwarecenter/object/0020000000516362023;https://softwaredownloads.sap.com/file/0020000000516362023;HANACLIENT;IMDB_CLIENT20_016_26-80002082.SAR - SAP HANA CLient 2.16;d238143b22ab5976221ab7d89b097690dd7af9fc75445c1f78eeb7196c569ca4;s3://launchwizard-<AccountID>/<SAP_PRODUCT_ID>/HANADBCLIENT;24.08.23;28.04.23;HANA CLIENT LATEST
SOLMAN72_EXPORT_PART1;SOLMAN72;https://me.sap.com/softwarecenter/object/0030000000222342021;https://softwaredownloads.sap.com/file/0030000000222342021;EXPORT_PART1;51054655_1.ZIP;66146ff62acb7ef2d99f13eaa4cb71b63e51a0dd35591ac80484ffb890e3e7e4;s3://launchwizard-<AccountID>/<SAP_PRODUCT_ID>/EXPORT;24.08.23;;
SOLMAN72_EXPORT_PART2;SOLMAN72;https://me.sap.com/softwarecenter/object/0030000000222362021;https://softwaredownloads.sap.com/file/0030000000222362021;EXPORT_PART2;51054655_2.ZIP;b5ea2e9024db3bfe50ce422652f04194b7af4f8fdea7f42809f8e44ea546d6ab;s3://launchwizard-<AccountID>/<SAP_PRODUCT_ID>/EXPORT;24.08.23;;
SOLMAN72_EXPORT_PART3;SOLMAN72;https://me.sap.com/softwarecenter/object/0030000000222352021;https://softwaredownloads.sap.com/file/0030000000222352021;EXPORT_PART3;51054655_3.ZIP;178ed3a7bc50c82a9ba2d7dafb183c8f4721f3dcad5a8d89d84f8e409ee1e3db;s3://launchwizard-<AccountID>/<SAP_PRODUCT_ID>/EXPORT;24.08.23;;
SOLMAN72_EXPORT_PART4;SOLMAN72;https://me.sap.com/softwarecenter/object/0030000000221892021;https://softwaredownloads.sap.com/file/0030000000221892021;EXPORT_PART4;51054655_4.ZIP;09bc876af4ddb19736e2ef9c58ec10915b8db1cdcd647f56701b6a0537069b7b;s3://launchwizard-<AccountID>/<SAP_PRODUCT_ID>/EXPORT;24.08.23;;
SOLMAN72_KERNEL_IGSEXE;SOLMAN72;https://me.sap.com/softwarecenter/object/0020000000633462023;https://softwaredownloads.sap.com/file/0020000000633462023;KERNEL_IGSEXE;igsexe_2-80007786.sar;122946a71917299ea4223df8798ba614999fe153edbc54e806351c107bcc9aef;s3://launchwizard-<AccountID>/<SAP_PRODUCT_ID>/KERNEL;24.08.23;26.05.23;SAP-Kernel 7.54 PL 200 -> IGS 754 PL4
SOLMAN72_KERNEL_IGSHELPER;SOLMAN72;https://me.sap.com/softwarecenter/object/0020000000703122018;https://softwaredownloads.sap.com/file/0020000000703122018;KERNEL_IGSHELPER;igshelper_17-10010245.sar - SAP IGS Fonts and Textures;bc405afc4f8221aa1a10a8bc448f8afd9e4e00111100c5544097240c57c99732;s3://launchwizard-<AccountID>/<SAP_PRODUCT_ID>/KERNEL;24.08.23;12.04.18;IGSHELPER LATEST
SOLMAN72_KERNEL_SAPEXE;SOLMAN72;https://me.sap.com/softwarecenter/object/0020000000754522023;https://softwaredownloads.sap.com/file/0020000000754522023;KERNEL_SAPEXE;SAPEXE_200-80007612.SAR;2c5ad8b40ebbeebada52bc07268e862529cdf2da5acdd66d8367b8c98b7aa286;s3://launchwizard-<AccountID>/<SAP_PRODUCT_ID>/KERNEL;24.08.23;26.06.23;SAP-Kernel 7.54 PL 200 -> IGS 754 PL4
SOLMAN72_KERNEL_SAPEXEDB;SOLMAN72;https://me.sap.com/softwarecenter/object/0020000000754442023;https://softwaredownloads.sap.com/file/0020000000754442023;KERNEL_SAPEXEDB;SAPEXEDB_200-80007611.SAR;02f3816878a70e9490ad6661559d8e90d618128cf027504586c4fdb69013446d;s3://launchwizard-<AccountID>/<SAP_PRODUCT_ID>/KERNEL;24.08.23;26.06.23;SAP-Kernel 7.54 PL 200 -> IGS 754 PL4
SOLMAN72_KERNEL_SAPHOSTAGENT;SOLMAN72;https://me.sap.com/softwarecenter/object/0020000000867792023;https://softwaredownloads.sap.com/file/0020000000867792023;KERNEL_SAPHOSTAGENT;SAPHOSTAGENT61_61-80004822.SAR - SAP HOST AGENT 7.22 SP61;280c13ca76d3b2fb1aba5cccdff9b9e3ae7988f6ca5f2553563fd2360dc8f688;s3://launchwizard-<AccountID>/<SAP_PRODUCT_ID>/KERNEL;24.08.23;19.07.23;SAPHOSTAGENT LATEST
SOLMAN72_KERNEL_SAPJVM;SOLMAN72;https://me.sap.com/softwarecenter/object/0020000000867522023;https://softwaredownloads.sap.com/file/0020000000867522023;KERNEL_SAPJVM;SAPJVM8_95-80000202.SAR;e01428dc295b516503b17a383d140f3ede027d4f483214f6b4eab83a428379f8;s3://launchwizard-<AccountID>/<SAP_PRODUCT_ID>/KERNEL;24.08.23;19.07.23;SAPJVM8 PL 95